<?xml version="1.0" ?>
<ATMDATA>

     <TOOL_LIFE>
          <EXPIRED>false</EXPIRED>
          <HOLES>369</HOLES>
          <FEED_TIME>195687651</FEED_TIME>
          <TOTAL_TIME>444535565</TOTAL_TIME>
          <TOOL_USAGE>273</TOOL_USAGE>
          <TOOL_LOAD>175</TOOL_LOAD>
          <TOOL_LOAD_LIMIT>0</TOOL_LOAD_LIMIT>
          <ALARM_LIMIT>0</ALARM_LIMIT>
          <H_CODE>1</H_CODE>
          <D_CODE>1</D_CODE>
          <EXPIRED>false</EXPIRED>
          <HOLES>433</HOLES>
          <FEED_TIME>86075109</FEED_TIME>
          <TOTAL_TIME>140852330</TOTAL_TIME>
          <TOOL_USAGE>268</TOOL_USAGE>
          <TOOL_LOAD>90</TOOL_LOAD>
          <TOOL_LOAD_LIMIT>0</TOOL_LOAD_LIMIT>
          <ALARM_LIMIT>0</ALARM_LIMIT>
          <H_CODE>2</H_CODE>
          <D_CODE>2</D_CODE>
          <EXPIRED>false</EXPIRED>
          <HOLES>300</HOLES>
          <FEED_TIME>64572347</FEED_TIME>
          <TOTAL_TIME>83559900</TOTAL_TIME>
          <TOOL_USAGE>163</TOOL_USAGE>
          <TOOL_LOAD>147</TOOL_LOAD>
          <TOOL_LOAD_LIMIT>0</TOOL_LOAD_LIMIT>
          <ALARM_LIMIT>0</ALARM_LIMIT>
          <H_CODE>3</H_CODE>
          <D_CODE>3</D_CODE>
          <EXPIRED>false</EXPIRED>
          <HOLES>192</HOLES>
          <FEED_TIME>45708234</FEED_TIME>
          <TOTAL_TIME>62030511</TOTAL_TIME>
          <TOOL_USAGE>133</TOOL_USAGE>
          <TOOL_LOAD>51</TOOL_LOAD>
          <TOOL_LOAD_LIMIT>0</TOOL_LOAD_LIMIT>
          <ALARM_LIMIT>0</ALARM_LIMIT>
          <H_CODE>4</H_CODE>
          <D_CODE>4</D_CODE>
          <EXPIRED>false</EXPIRED>
          <HOLES>221</HOLES>
          <FEED_TIME>25646191</FEED_TIME>
          <TOTAL_TIME>36729142</TOTAL_TIME>
          <TOOL_USAGE>121</TOOL_USAGE>
          <TOOL_LOAD>175</TOOL_LOAD>
          <TOOL_LOAD_LIMIT>0</TOOL_LOAD_LIMIT>
          <ALARM_LIMIT>0</ALARM_LIMIT>
          <H_CODE>5</H_CODE>
          <D_CODE>5</D_CODE>
          <EXPIRED>false</EXPIRED>
          <HOLES>197</HOLES>
          <FEED_TIME>15470287</FEED_TIME>
          <TOTAL_TIME>31035095</TOTAL_TIME>
          <TOOL_USAGE>109</TOOL_USAGE>
          <TOOL_LOAD>64</TOOL_LOAD>
          <TOOL_LOAD_LIMIT>0</TOOL_LOAD_LIMIT>
          <ALARM_LIMIT>0</ALARM_LIMIT>
          <H_CODE>6</H_CODE>
          <D_CODE>6</D_CODE>
          <EXPIRED>false</EXPIRED>
          <HOLES>202</HOLES>
          <FEED_TIME>39423774</FEED_TIME>
          <TOTAL_TIME>60754632</TOTAL_TIME>
          <TOOL_USAGE>93</TOOL_USAGE>
          <TOOL_LOAD>129</TOOL_LOAD>
          <TOOL_LOAD_LIMIT>0</TOOL_LOAD_LIMIT>
          <ALARM_LIMIT>0</ALARM_LIMIT>
          <H_CODE>0</H_CODE>
          <D_CODE>0</D_CODE>
          <EXPIRED>false</EXPIRED>
          <HOLES>230</HOLES>
          <FEED_TIME>12720944</FEED_TIME>
          <TOTAL_TIME>21834272</TOTAL_TIME>
          <TOOL_USAGE>54</TOOL_USAGE>
          <TOOL_LOAD>168</TOOL_LOAD>
          <TOOL_LOAD_LIMIT>0</TOOL_LOAD_LIMIT>
          <ALARM_LIMIT>0</ALARM_LIMIT>
          <H_CODE>0</H_CODE>
          <D_CODE>0</D_CODE>
          <EXPIRED>false</EXPIRED>
          <HOLES>248</HOLES>
          <FEED_TIME>35079928</FEED_TIME>
          <TOTAL_TIME>47795521</TOTAL_TIME>
          <TOOL_USAGE>60</TOOL_USAGE>
          <TOOL_LOAD>114</TOOL_LOAD>
          <TOOL_LOAD_LIMIT>0</TOOL_LOAD_LIMIT>
          <ALARM_LIMIT>0</ALARM_LIMIT>
          <H_CODE>0</H_CODE>
          <D_CODE>0</D_CODE>
          <EXPIRED>false</EXPIRED>
          <HOLES>133</HOLES>
          <FEED_TIME>19595888</FEED_TIME>
          <TOTAL_TIME>28789658</TOTAL_TIME>
          <TOOL_USAGE>68</TOOL_USAGE>
          <TOOL_LOAD>166</TOOL_LOAD>
          <TOOL_LOAD_LIMIT>0</TOOL_LOAD_LIMIT>
          <ALARM_LIMIT>0</ALARM_LIMIT>
          <H_CODE>0</H_CODE>
          <D_CODE>0</D_CODE>
          <EXPIRED>false</EXPIRED>
          <HOLES>37</HOLES>
          <FEED_TIME>27744297</FEED_TIME>
          <TOTAL_TIME>37131188</TOTAL_TIME>
          <TOOL_USAGE>73</TOOL_USAGE>
          <TOOL_LOAD>43</TOOL_LOAD>
          <TOOL_LOAD_LIMIT>0</TOOL_LOAD_LIMIT>
          <ALARM_LIMIT>0</ALARM_LIMIT>
          <H_CODE>0</H_CODE>
          <D_CODE>0</D_CODE>
          <EXPIRED>false</EXPIRED>
          <HOLES>17</HOLES>
          <FEED_TIME>7915742</FEED_TIME>
          <TOTAL_TIME>14797217</TOTAL_TIME>
          <TOOL_USAGE>45</TOOL_USAGE>
          <TOOL_LOAD>27</TOOL_LOAD>
          <TOOL_LOAD_LIMIT>0</TOOL_LOAD_LIMIT>
          <ALARM_LIMIT>0</ALARM_LIMIT>
          <H_CODE>0</H_CODE>
          <D_CODE>0</D_CODE>
          <EXPIRED>false</EXPIRED>
          <HOLES>23</HOLES>
          <FEED_TIME>11597587</FEED_TIME>
          <TOTAL_TIME>15805064</TOTAL_TIME>
          <TOOL_USAGE>37</TOOL_USAGE>
          <TOOL_LOAD>109</TOOL_LOAD>
          <TOOL_LOAD_LIMIT>0</TOOL_LOAD_LIMIT>
          <ALARM_LIMIT>0</ALARM_LIMIT>
          <H_CODE>0</H_CODE>
          <D_CODE>0</D_CODE>
          <EXPIRED>false</EXPIRED>
          <HOLES>77</HOLES>
          <FEED_TIME>7914574</FEED_TIME>
          <TOTAL_TIME>16539103</TOTAL_TIME>
          <TOOL_USAGE>35</TOOL_USAGE>
          <TOOL_LOAD>173</TOOL_LOAD>
          <TOOL_LOAD_LIMIT>0</TOOL_LOAD_LIMIT>
          <ALARM_LIMIT>0</ALARM_LIMIT>
          <H_CODE>0</H_CODE>
          <D_CODE>0</D_CODE>
          <EXPIRED>false</EXPIRED>
          <HOLES>57</HOLES>
          <FEED_TIME>13189005</FEED_TIME>
          <TOTAL_TIME>19446559</TOTAL_TIME>
          <TOOL_USAGE>48</TOOL_USAGE>
          <TOOL_LOAD>129</TOOL_LOAD>
          <TOOL_LOAD_LIMIT>0</TOOL_LOAD_LIMIT>
          <ALARM_LIMIT>0</ALARM_LIMIT>
          <H_CODE>0</H_CODE>
          <D_CODE>0</D_CODE>
          <EXPIRED>false</EXPIRED>
          <HOLES>83</HOLES>
          <FEED_TIME>5203578</FEED_TIME>
          <TOTAL_TIME>10300819</TOTAL_TIME>
          <TOOL_USAGE>49</TOOL_USAGE>
          <TOOL_LOAD>36</TOOL_LOAD>
          <TOOL_LOAD_LIMIT>0</TOOL_LOAD_LIMIT>
          <ALARM_LIMIT>0</ALARM_LIMIT>
          <H_CODE>0</H_CODE>
          <D_CODE>0</D_CODE>
          <EXPIRED>false</EXPIRED>
          <HOLES>20</HOLES>
          <FEED_TIME>6898894</FEED_TIME>
          <TOTAL_TIME>12554848</TOTAL_TIME>
          <TOOL_USAGE>28</TOOL_USAGE>
          <TOOL_LOAD>108</TOOL_LOAD>
          <TOOL_LOAD_LIMIT>0</TOOL_LOAD_LIMIT>
          <ALARM_LIMIT>0</ALARM_LIMIT>
          <H_CODE>0</H_CODE>
          <D_CODE>0</D_CODE>
          <EXPIRED>false</EXPIRED>
          <HOLES>0</HOLES>
          <FEED_TIME>15627324</FEED_TIME>
          <TOTAL_TIME>24537250</TOTAL_TIME>
          <TOOL_USAGE>32</TOOL_USAGE>
          <TOOL_LOAD>61</TOOL_LOAD>
          <TOOL_LOAD_LIMIT>0</TOOL_LOAD_LIMIT>
          <ALARM_LIMIT>0</ALARM_LIMIT>
          <H_CODE>0</H_CODE>
          <D_CODE>0</D_CODE>
          <EXPIRED>false</EXPIRED>
          <HOLES>41</HOLES>
          <FEED_TIME>7129388</FEED_TIME>
          <TOTAL_TIME>10501301</TOTAL_TIME>
          <TOOL_USAGE>31</TOOL_USAGE>
          <TOOL_LOAD>27</TOOL_LOAD>
          <TOOL_LOAD_LIMIT>0</TOOL_LOAD_LIMIT>
          <ALARM_LIMIT>0</ALARM_LIMIT>
          <H_CODE>0</H_CODE>
          <D_CODE>0</D_CODE>
          <EXPIRED>false</EXPIRED>
          <HOLES>0</HOLES>
          <FEED_TIME>5006636</FEED_TIME>
          <TOTAL_TIME>22271528</TOTAL_TIME>
          <TOOL_USAGE>299</TOOL_USAGE>
          <TOOL_LOAD>0</TOOL_LOAD>
          <TOOL_LOAD_LIMIT>0</TOOL_LOAD_LIMIT>
          <ALARM_LIMIT>0</ALARM_LIMIT>
          <H_CODE>0</H_CODE>
          <D_CODE>0</D_CODE>
          <EXPIRED>false</EXPIRED>
          <HOLES>0</HOLES>
          <FEED_TIME>7773474</FEED_TIME>
          <TOTAL_TIME>14418101</TOTAL_TIME>
          <TOOL_USAGE>19</TOOL_USAGE>
          <TOOL_LOAD>40</TOOL_LOAD>
          <TOOL_LOAD_LIMIT>0</TOOL_LOAD_LIMIT>
          <ALARM_LIMIT>0</ALARM_LIMIT>
          <H_CODE>0</H_CODE>
          <D_CODE>0</D_CODE>
          <EXPIRED>false</EXPIRED>
          <HOLES>35</HOLES>
          <FEED_TIME>14867544</FEED_TIME>
          <TOTAL_TIME>19573315</TOTAL_TIME>
          <TOOL_USAGE>41</TOOL_USAGE>
          <TOOL_LOAD>21</TOOL_LOAD>
          <TOOL_LOAD_LIMIT>0</TOOL_LOAD_LIMIT>
          <ALARM_LIMIT>0</ALARM_LIMIT>
          <H_CODE>0</H_CODE>
          <D_CODE>0</D_CODE>
          <EXPIRED>false</EXPIRED>
          <HOLES>7</HOLES>
          <FEED_TIME>5833337</FEED_TIME>
          <TOTAL_TIME>8994120</TOTAL_TIME>
          <TOOL_USAGE>25</TOOL_USAGE>
          <TOOL_LOAD>124</TOOL_LOAD>
          <TOOL_LOAD_LIMIT>0</TOOL_LOAD_LIMIT>
          <ALARM_LIMIT>0</ALARM_LIMIT>
          <H_CODE>0</H_CODE>
          <D_CODE>0</D_CODE>
          <EXPIRED>false</EXPIRED>
          <HOLES>31</HOLES>
          <FEED_TIME>2032292</FEED_TIME>
          <TOTAL_TIME>11336704</TOTAL_TIME>
          <TOOL_USAGE>39</TOOL_USAGE>
          <TOOL_LOAD>46</TOOL_LOAD>
          <TOOL_LOAD_LIMIT>0</TOOL_LOAD_LIMIT>
          <ALARM_LIMIT>0</ALARM_LIMIT>
          <H_CODE>0</H_CODE>
          <D_CODE>0</D_CODE>
          <EXPIRED>false</EXPIRED>
          <HOLES>4</HOLES>
          <FEED_TIME>3543217</FEED_TIME>
          <TOTAL_TIME>5009543</TOTAL_TIME>
          <TOOL_USAGE>25</TOOL_USAGE>
          <TOOL_LOAD>138</TOOL_LOAD>
          <TOOL_LOAD_LIMIT>0</TOOL_LOAD_LIMIT>
          <ALARM_LIMIT>0</ALARM_LIMIT>
          <H_CODE>0</H_CODE>
          <D_CODE>0</D_CODE>
          <EXPIRED>false</EXPIRED>
          <HOLES>2</HOLES>
          <FEED_TIME>2011396</FEED_TIME>
          <TOTAL_TIME>2921009</TOTAL_TIME>
          <TOOL_USAGE>5</TOOL_USAGE>
          <TOOL_LOAD>10</TOOL_LOAD>
          <TOOL_LOAD_LIMIT>0</TOOL_LOAD_LIMIT>
          <ALARM_LIMIT>0</ALARM_LIMIT>
          <H_CODE>0</H_CODE>
          <D_CODE>0</D_CODE>
          <EXPIRED>false</EXPIRED>
          <HOLES>0</HOLES>
          <FEED_TIME>177284</FEED_TIME>
          <TOTAL_TIME>1874011</TOTAL_TIME>
          <TOOL_USAGE>3</TOOL_USAGE>
          <TOOL_LOAD>15</TOOL_LOAD>
          <TOOL_LOAD_LIMIT>0</TOOL_LOAD_LIMIT>
          <ALARM_LIMIT>0</ALARM_LIMIT>
          <H_CODE>0</H_CODE>
          <D_CODE>0</D_CODE>
          <EXPIRED>false</EXPIRED>
          <HOLES>0</HOLES>
          <FEED_TIME>3448747</FEED_TIME>
          <TOTAL_TIME>4541841</TOTAL_TIME>
          <TOOL_USAGE>10</TOOL_USAGE>
          <TOOL_LOAD>24</TOOL_LOAD>
          <TOOL_LOAD_LIMIT>0</TOOL_LOAD_LIMIT>
          <ALARM_LIMIT>0</ALARM_LIMIT>
          <H_CODE>0</H_CODE>
          <D_CODE>0</D_CODE>
          <EXPIRED>false</EXPIRED>
          <HOLES>1</HOLES>
          <FEED_TIME>115416</FEED_TIME>
          <TOTAL_TIME>930878</TOTAL_TIME>
          <TOOL_USAGE>6</TOOL_USAGE>
          <TOOL_LOAD>25</TOOL_LOAD>
          <TOOL_LOAD_LIMIT>0</TOOL_LOAD_LIMIT>
          <ALARM_LIMIT>0</ALARM_LIMIT>
          <H_CODE>0</H_CODE>
          <D_CODE>0</D_CODE>
          <EXPIRED>false</EXPIRED>
          <HOLES>0</HOLES>
          <FEED_TIME>57602</FEED_TIME>
          <TOTAL_TIME>1936648</TOTAL_TIME>
          <TOOL_USAGE>7</TOOL_USAGE>
          <TOOL_LOAD>0</TOOL_LOAD>
          <TOOL_LOAD_LIMIT>0</TOOL_LOAD_LIMIT>
          <ALARM_LIMIT>0</ALARM_LIMIT>
          <H_CODE>0</H_CODE>
          <D_CODE>0</D_CODE>
          <EXPIRED>false</EXPIRED>
          <HOLES>29</HOLES>
          <FEED_TIME>1305676</FEED_TIME>
          <TOTAL_TIME>3045617</TOTAL_TIME>
          <TOOL_USAGE>11</TOOL_USAGE>
          <TOOL_LOAD>32</TOOL_LOAD>
          <TOOL_LOAD_LIMIT>0</TOOL_LOAD_LIMIT>
          <ALARM_LIMIT>0</ALARM_LIMIT>
          <H_CODE>0</H_CODE>
          <D_CODE>0</D_CODE>
          <EXPIRED>false</EXPIRED>
          <HOLES>0</HOLES>
          <FEED_TIME>0</FEED_TIME>
          <TOTAL_TIME>0</TOTAL_TIME>
          <TOOL_USAGE>0</TOOL_USAGE>
          <TOOL_LOAD>0</TOOL_LOAD>
          <TOOL_LOAD_LIMIT>0</TOOL_LOAD_LIMIT>
          <ALARM_LIMIT>0</ALARM_LIMIT>
          <H_CODE>0</H_CODE>
          <D_CODE>0</D_CODE>
          <EXPIRED>false</EXPIRED>
          <HOLES>0</HOLES>
          <FEED_TIME>0</FEED_TIME>
          <TOTAL_TIME>0</TOTAL_TIME>
          <TOOL_USAGE>0</TOOL_USAGE>
          <TOOL_LOAD>0</TOOL_LOAD>
          <TOOL_LOAD_LIMIT>0</TOOL_LOAD_LIMIT>
          <ALARM_LIMIT>0</ALARM_LIMIT>
          <H_CODE>0</H_CODE>
          <D_CODE>0</D_CODE>
          <EXPIRED>false</EXPIRED>
          <HOLES>0</HOLES>
          <FEED_TIME>0</FEED_TIME>
          <TOTAL_TIME>0</TOTAL_TIME>
          <TOOL_USAGE>0</TOOL_USAGE>
          <TOOL_LOAD>0</TOOL_LOAD>
          <TOOL_LOAD_LIMIT>0</TOOL_LOAD_LIMIT>
          <ALARM_LIMIT>0</ALARM_LIMIT>
          <H_CODE>0</H_CODE>
          <D_CODE>0</D_CODE>
          <EXPIRED>false</EXPIRED>
          <HOLES>0</HOLES>
          <FEED_TIME>0</FEED_TIME>
          <TOTAL_TIME>0</TOTAL_TIME>
          <TOOL_USAGE>0</TOOL_USAGE>
          <TOOL_LOAD>0</TOOL_LOAD>
          <TOOL_LOAD_LIMIT>0</TOOL_LOAD_LIMIT>
          <ALARM_LIMIT>0</ALARM_LIMIT>
          <H_CODE>0</H_CODE>
          <D_CODE>0</D_CODE>
          <EXPIRED>false</EXPIRED>
          <HOLES>0</HOLES>
          <FEED_TIME>0</FEED_TIME>
          <TOTAL_TIME>0</TOTAL_TIME>
          <TOOL_USAGE>0</TOOL_USAGE>
          <TOOL_LOAD>0</TOOL_LOAD>
          <TOOL_LOAD_LIMIT>0</TOOL_LOAD_LIMIT>
          <ALARM_LIMIT>0</ALARM_LIMIT>
          <H_CODE>0</H_CODE>
          <D_CODE>0</D_CODE>
          <EXPIRED>false</EXPIRED>
          <HOLES>0</HOLES>
          <FEED_TIME>0</FEED_TIME>
          <TOTAL_TIME>0</TOTAL_TIME>
          <TOOL_USAGE>0</TOOL_USAGE>
          <TOOL_LOAD>0</TOOL_LOAD>
          <TOOL_LOAD_LIMIT>0</TOOL_LOAD_LIMIT>
          <ALARM_LIMIT>0</ALARM_LIMIT>
          <H_CODE>0</H_CODE>
          <D_CODE>0</D_CODE>
          <EXPIRED>false</EXPIRED>
          <HOLES>0</HOLES>
          <FEED_TIME>0</FEED_TIME>
          <TOTAL_TIME>0</TOTAL_TIME>
          <TOOL_USAGE>0</TOOL_USAGE>
          <TOOL_LOAD>0</TOOL_LOAD>
          <TOOL_LOAD_LIMIT>0</TOOL_LOAD_LIMIT>
          <ALARM_LIMIT>0</ALARM_LIMIT>
          <H_CODE>0</H_CODE>
          <D_CODE>0</D_CODE>
          <EXPIRED>false</EXPIRED>
          <HOLES>0</HOLES>
          <FEED_TIME>0</FEED_TIME>
          <TOTAL_TIME>0</TOTAL_TIME>
          <TOOL_USAGE>0</TOOL_USAGE>
          <TOOL_LOAD>0</TOOL_LOAD>
          <TOOL_LOAD_LIMIT>0</TOOL_LOAD_LIMIT>
          <ALARM_LIMIT>0</ALARM_LIMIT>
          <H_CODE>0</H_CODE>
          <D_CODE>0</D_CODE>
          <EXPIRED>false</EXPIRED>
          <HOLES>0</HOLES>
          <FEED_TIME>0</FEED_TIME>
          <TOTAL_TIME>0</TOTAL_TIME>
          <TOOL_USAGE>0</TOOL_USAGE>
          <TOOL_LOAD>0</TOOL_LOAD>
          <TOOL_LOAD_LIMIT>0</TOOL_LOAD_LIMIT>
          <ALARM_LIMIT>0</ALARM_LIMIT>
          <H_CODE>0</H_CODE>
          <D_CODE>0</D_CODE>
          <EXPIRED>false</EXPIRED>
          <HOLES>0</HOLES>
          <FEED_TIME>0</FEED_TIME>
          <TOTAL_TIME>0</TOTAL_TIME>
          <TOOL_USAGE>0</TOOL_USAGE>
          <TOOL_LOAD>0</TOOL_LOAD>
          <TOOL_LOAD_LIMIT>0</TOOL_LOAD_LIMIT>
          <ALARM_LIMIT>0</ALARM_LIMIT>
          <H_CODE>0</H_CODE>
          <D_CODE>0</D_CODE>
          <EXPIRED>false</EXPIRED>
          <HOLES>0</HOLES>
          <FEED_TIME>0</FEED_TIME>
          <TOTAL_TIME>0</TOTAL_TIME>
          <TOOL_USAGE>0</TOOL_USAGE>
          <TOOL_LOAD>0</TOOL_LOAD>
          <TOOL_LOAD_LIMIT>0</TOOL_LOAD_LIMIT>
          <ALARM_LIMIT>0</ALARM_LIMIT>
          <H_CODE>0</H_CODE>
          <D_CODE>0</D_CODE>
          <EXPIRED>false</EXPIRED>
          <HOLES>0</HOLES>
          <FEED_TIME>0</FEED_TIME>
          <TOTAL_TIME>0</TOTAL_TIME>
          <TOOL_USAGE>0</TOOL_USAGE>
          <TOOL_LOAD>0</TOOL_LOAD>
          <TOOL_LOAD_LIMIT>0</TOOL_LOAD_LIMIT>
          <ALARM_LIMIT>0</ALARM_LIMIT>
          <H_CODE>0</H_CODE>
          <D_CODE>0</D_CODE>
          <EXPIRED>false</EXPIRED>
          <HOLES>0</HOLES>
          <FEED_TIME>0</FEED_TIME>
          <TOTAL_TIME>0</TOTAL_TIME>
          <TOOL_USAGE>0</TOOL_USAGE>
          <TOOL_LOAD>0</TOOL_LOAD>
          <TOOL_LOAD_LIMIT>0</TOOL_LOAD_LIMIT>
          <ALARM_LIMIT>0</ALARM_LIMIT>
          <H_CODE>0</H_CODE>
          <D_CODE>0</D_CODE>
          <EXPIRED>false</EXPIRED>
          <HOLES>0</HOLES>
          <FEED_TIME>0</FEED_TIME>
          <TOTAL_TIME>0</TOTAL_TIME>
          <TOOL_USAGE>0</TOOL_USAGE>
          <TOOL_LOAD>0</TOOL_LOAD>
          <TOOL_LOAD_LIMIT>0</TOOL_LOAD_LIMIT>
          <ALARM_LIMIT>0</ALARM_LIMIT>
          <H_CODE>0</H_CODE>
          <D_CODE>0</D_CODE>
          <EXPIRED>false</EXPIRED>
          <HOLES>0</HOLES>
          <FEED_TIME>0</FEED_TIME>
          <TOTAL_TIME>0</TOTAL_TIME>
          <TOOL_USAGE>0</TOOL_USAGE>
          <TOOL_LOAD>0</TOOL_LOAD>
          <TOOL_LOAD_LIMIT>0</TOOL_LOAD_LIMIT>
          <ALARM_LIMIT>0</ALARM_LIMIT>
          <H_CODE>0</H_CODE>
          <D_CODE>0</D_CODE>
          <EXPIRED>false</EXPIRED>
          <HOLES>0</HOLES>
          <FEED_TIME>0</FEED_TIME>
          <TOTAL_TIME>0</TOTAL_TIME>
          <TOOL_USAGE>0</TOOL_USAGE>
          <TOOL_LOAD>0</TOOL_LOAD>
          <TOOL_LOAD_LIMIT>0</TOOL_LOAD_LIMIT>
          <ALARM_LIMIT>0</ALARM_LIMIT>
          <H_CODE>0</H_CODE>
          <D_CODE>0</D_CODE>
          <EXPIRED>false</EXPIRED>
          <HOLES>0</HOLES>
          <FEED_TIME>0</FEED_TIME>
          <TOTAL_TIME>0</TOTAL_TIME>
          <TOOL_USAGE>0</TOOL_USAGE>
          <TOOL_LOAD>0</TOOL_LOAD>
          <TOOL_LOAD_LIMIT>0</TOOL_LOAD_LIMIT>
          <ALARM_LIMIT>0</ALARM_LIMIT>
          <H_CODE>0</H_CODE>
          <D_CODE>0</D_CODE>
          <EXPIRED>false</EXPIRED>
          <HOLES>0</HOLES>
          <FEED_TIME>0</FEED_TIME>
          <TOTAL_TIME>0</TOTAL_TIME>
          <TOOL_USAGE>0</TOOL_USAGE>
          <TOOL_LOAD>0</TOOL_LOAD>
          <TOOL_LOAD_LIMIT>0</TOOL_LOAD_LIMIT>
          <ALARM_LIMIT>0</ALARM_LIMIT>
          <H_CODE>0</H_CODE>
          <D_CODE>0</D_CODE>
          <EXPIRED>false</EXPIRED>
          <HOLES>0</HOLES>
          <FEED_TIME>0</FEED_TIME>
          <TOTAL_TIME>0</TOTAL_TIME>
          <TOOL_USAGE>0</TOOL_USAGE>
          <TOOL_LOAD>0</TOOL_LOAD>
          <TOOL_LOAD_LIMIT>0</TOOL_LOAD_LIMIT>
          <ALARM_LIMIT>0</ALARM_LIMIT>
          <H_CODE>0</H_CODE>
          <D_CODE>0</D_CODE>
          <EXPIRED>false</EXPIRED>
          <HOLES>0</HOLES>
          <FEED_TIME>0</FEED_TIME>
          <TOTAL_TIME>0</TOTAL_TIME>
          <TOOL_USAGE>0</TOOL_USAGE>
          <TOOL_LOAD>0</TOOL_LOAD>
          <TOOL_LOAD_LIMIT>0</TOOL_LOAD_LIMIT>
          <ALARM_LIMIT>0</ALARM_LIMIT>
          <H_CODE>0</H_CODE>
          <D_CODE>0</D_CODE>
          <EXPIRED>false</EXPIRED>
          <HOLES>0</HOLES>
          <FEED_TIME>0</FEED_TIME>
          <TOTAL_TIME>0</TOTAL_TIME>
          <TOOL_USAGE>0</TOOL_USAGE>
          <TOOL_LOAD>0</TOOL_LOAD>
          <TOOL_LOAD_LIMIT>0</TOOL_LOAD_LIMIT>
          <ALARM_LIMIT>0</ALARM_LIMIT>
          <H_CODE>0</H_CODE>
          <D_CODE>0</D_CODE>
          <EXPIRED>false</EXPIRED>
          <HOLES>0</HOLES>
          <FEED_TIME>0</FEED_TIME>
          <TOTAL_TIME>0</TOTAL_TIME>
          <TOOL_USAGE>0</TOOL_USAGE>
          <TOOL_LOAD>0</TOOL_LOAD>
          <TOOL_LOAD_LIMIT>0</TOOL_LOAD_LIMIT>
          <ALARM_LIMIT>0</ALARM_LIMIT>
          <H_CODE>0</H_CODE>
          <D_CODE>0</D_CODE>
          <EXPIRED>false</EXPIRED>
          <HOLES>0</HOLES>
          <FEED_TIME>0</FEED_TIME>
          <TOTAL_TIME>0</TOTAL_TIME>
          <TOOL_USAGE>0</TOOL_USAGE>
          <TOOL_LOAD>0</TOOL_LOAD>
          <TOOL_LOAD_LIMIT>0</TOOL_LOAD_LIMIT>
          <ALARM_LIMIT>0</ALARM_LIMIT>
          <H_CODE>0</H_CODE>
          <D_CODE>0</D_CODE>
          <EXPIRED>false</EXPIRED>
          <HOLES>0</HOLES>
          <FEED_TIME>0</FEED_TIME>
          <TOTAL_TIME>0</TOTAL_TIME>
          <TOOL_USAGE>0</TOOL_USAGE>
          <TOOL_LOAD>0</TOOL_LOAD>
          <TOOL_LOAD_LIMIT>0</TOOL_LOAD_LIMIT>
          <ALARM_LIMIT>0</ALARM_LIMIT>
          <H_CODE>0</H_CODE>
          <D_CODE>0</D_CODE>
          <EXPIRED>false</EXPIRED>
          <HOLES>0</HOLES>
          <FEED_TIME>0</FEED_TIME>
          <TOTAL_TIME>0</TOTAL_TIME>
          <TOOL_USAGE>0</TOOL_USAGE>
          <TOOL_LOAD>0</TOOL_LOAD>
          <TOOL_LOAD_LIMIT>0</TOOL_LOAD_LIMIT>
          <ALARM_LIMIT>0</ALARM_LIMIT>
          <H_CODE>0</H_CODE>
          <D_CODE>0</D_CODE>
          <EXPIRED>false</EXPIRED>
          <HOLES>0</HOLES>
          <FEED_TIME>0</FEED_TIME>
          <TOTAL_TIME>0</TOTAL_TIME>
          <TOOL_USAGE>0</TOOL_USAGE>
          <TOOL_LOAD>0</TOOL_LOAD>
          <TOOL_LOAD_LIMIT>0</TOOL_LOAD_LIMIT>
          <ALARM_LIMIT>0</ALARM_LIMIT>
          <H_CODE>0</H_CODE>
          <D_CODE>0</D_CODE>
          <EXPIRED>false</EXPIRED>
          <HOLES>0</HOLES>
          <FEED_TIME>0</FEED_TIME>
          <TOTAL_TIME>0</TOTAL_TIME>
          <TOOL_USAGE>0</TOOL_USAGE>
          <TOOL_LOAD>0</TOOL_LOAD>
          <TOOL_LOAD_LIMIT>0</TOOL_LOAD_LIMIT>
          <ALARM_LIMIT>0</ALARM_LIMIT>
          <H_CODE>0</H_CODE>
          <D_CODE>0</D_CODE>
          <EXPIRED>false</EXPIRED>
          <HOLES>0</HOLES>
          <FEED_TIME>0</FEED_TIME>
          <TOTAL_TIME>0</TOTAL_TIME>
          <TOOL_USAGE>0</TOOL_USAGE>
          <TOOL_LOAD>0</TOOL_LOAD>
          <TOOL_LOAD_LIMIT>0</TOOL_LOAD_LIMIT>
          <ALARM_LIMIT>0</ALARM_LIMIT>
          <H_CODE>0</H_CODE>
          <D_CODE>0</D_CODE>
          <EXPIRED>false</EXPIRED>
          <HOLES>0</HOLES>
          <FEED_TIME>0</FEED_TIME>
          <TOTAL_TIME>0</TOTAL_TIME>
          <TOOL_USAGE>0</TOOL_USAGE>
          <TOOL_LOAD>0</TOOL_LOAD>
          <TOOL_LOAD_LIMIT>0</TOOL_LOAD_LIMIT>
          <ALARM_LIMIT>0</ALARM_LIMIT>
          <H_CODE>0</H_CODE>
          <D_CODE>0</D_CODE>
          <EXPIRED>false</EXPIRED>
          <HOLES>0</HOLES>
          <FEED_TIME>0</FEED_TIME>
          <TOTAL_TIME>0</TOTAL_TIME>
          <TOOL_USAGE>0</TOOL_USAGE>
          <TOOL_LOAD>0</TOOL_LOAD>
          <TOOL_LOAD_LIMIT>0</TOOL_LOAD_LIMIT>
          <ALARM_LIMIT>0</ALARM_LIMIT>
          <H_CODE>0</H_CODE>
          <D_CODE>0</D_CODE>
          <EXPIRED>false</EXPIRED>
          <HOLES>0</HOLES>
          <FEED_TIME>0</FEED_TIME>
          <TOTAL_TIME>0</TOTAL_TIME>
          <TOOL_USAGE>0</TOOL_USAGE>
          <TOOL_LOAD>0</TOOL_LOAD>
          <TOOL_LOAD_LIMIT>0</TOOL_LOAD_LIMIT>
          <ALARM_LIMIT>0</ALARM_LIMIT>
          <H_CODE>0</H_CODE>
          <D_CODE>0</D_CODE>
          <EXPIRED>false</EXPIRED>
          <HOLES>0</HOLES>
          <FEED_TIME>0</FEED_TIME>
          <TOTAL_TIME>0</TOTAL_TIME>
          <TOOL_USAGE>0</TOOL_USAGE>
          <TOOL_LOAD>0</TOOL_LOAD>
          <TOOL_LOAD_LIMIT>0</TOOL_LOAD_LIMIT>
          <ALARM_LIMIT>0</ALARM_LIMIT>
          <H_CODE>0</H_CODE>
          <D_CODE>0</D_CODE>
          <EXPIRED>false</EXPIRED>
          <HOLES>0</HOLES>
          <FEED_TIME>0</FEED_TIME>
          <TOTAL_TIME>0</TOTAL_TIME>
          <TOOL_USAGE>0</TOOL_USAGE>
          <TOOL_LOAD>0</TOOL_LOAD>
          <TOOL_LOAD_LIMIT>0</TOOL_LOAD_LIMIT>
          <ALARM_LIMIT>0</ALARM_LIMIT>
          <H_CODE>0</H_CODE>
          <D_CODE>0</D_CODE>
          <EXPIRED>false</EXPIRED>
          <HOLES>0</HOLES>
          <FEED_TIME>0</FEED_TIME>
          <TOTAL_TIME>0</TOTAL_TIME>
          <TOOL_USAGE>0</TOOL_USAGE>
          <TOOL_LOAD>0</TOOL_LOAD>
          <TOOL_LOAD_LIMIT>0</TOOL_LOAD_LIMIT>
          <ALARM_LIMIT>0</ALARM_LIMIT>
          <H_CODE>0</H_CODE>
          <D_CODE>0</D_CODE>
          <EXPIRED>false</EXPIRED>
          <HOLES>0</HOLES>
          <FEED_TIME>0</FEED_TIME>
          <TOTAL_TIME>0</TOTAL_TIME>
          <TOOL_USAGE>0</TOOL_USAGE>
          <TOOL_LOAD>0</TOOL_LOAD>
          <TOOL_LOAD_LIMIT>0</TOOL_LOAD_LIMIT>
          <ALARM_LIMIT>0</ALARM_LIMIT>
          <H_CODE>0</H_CODE>
          <D_CODE>0</D_CODE>
          <EXPIRED>false</EXPIRED>
          <HOLES>0</HOLES>
          <FEED_TIME>0</FEED_TIME>
          <TOTAL_TIME>0</TOTAL_TIME>
          <TOOL_USAGE>0</TOOL_USAGE>
          <TOOL_LOAD>0</TOOL_LOAD>
          <TOOL_LOAD_LIMIT>0</TOOL_LOAD_LIMIT>
          <ALARM_LIMIT>0</ALARM_LIMIT>
          <H_CODE>0</H_CODE>
          <D_CODE>0</D_CODE>
          <EXPIRED>false</EXPIRED>
          <HOLES>0</HOLES>
          <FEED_TIME>0</FEED_TIME>
          <TOTAL_TIME>0</TOTAL_TIME>
          <TOOL_USAGE>0</TOOL_USAGE>
          <TOOL_LOAD>0</TOOL_LOAD>
          <TOOL_LOAD_LIMIT>0</TOOL_LOAD_LIMIT>
          <ALARM_LIMIT>0</ALARM_LIMIT>
          <H_CODE>0</H_CODE>
          <D_CODE>0</D_CODE>
          <EXPIRED>false</EXPIRED>
          <HOLES>0</HOLES>
          <FEED_TIME>0</FEED_TIME>
          <TOTAL_TIME>0</TOTAL_TIME>
          <TOOL_USAGE>0</TOOL_USAGE>
          <TOOL_LOAD>0</TOOL_LOAD>
          <TOOL_LOAD_LIMIT>0</TOOL_LOAD_LIMIT>
          <ALARM_LIMIT>0</ALARM_LIMIT>
          <H_CODE>0</H_CODE>
          <D_CODE>0</D_CODE>
          <EXPIRED>false</EXPIRED>
          <HOLES>0</HOLES>
          <FEED_TIME>0</FEED_TIME>
          <TOTAL_TIME>0</TOTAL_TIME>
          <TOOL_USAGE>0</TOOL_USAGE>
          <TOOL_LOAD>0</TOOL_LOAD>
          <TOOL_LOAD_LIMIT>0</TOOL_LOAD_LIMIT>
          <ALARM_LIMIT>0</ALARM_LIMIT>
          <H_CODE>0</H_CODE>
          <D_CODE>0</D_CODE>
          <EXPIRED>false</EXPIRED>
          <HOLES>0</HOLES>
          <FEED_TIME>0</FEED_TIME>
          <TOTAL_TIME>0</TOTAL_TIME>
          <TOOL_USAGE>0</TOOL_USAGE>
          <TOOL_LOAD>0</TOOL_LOAD>
          <TOOL_LOAD_LIMIT>0</TOOL_LOAD_LIMIT>
          <ALARM_LIMIT>0</ALARM_LIMIT>
          <H_CODE>0</H_CODE>
          <D_CODE>0</D_CODE>
          <EXPIRED>false</EXPIRED>
          <HOLES>0</HOLES>
          <FEED_TIME>0</FEED_TIME>
          <TOTAL_TIME>0</TOTAL_TIME>
          <TOOL_USAGE>0</TOOL_USAGE>
          <TOOL_LOAD>0</TOOL_LOAD>
          <TOOL_LOAD_LIMIT>0</TOOL_LOAD_LIMIT>
          <ALARM_LIMIT>0</ALARM_LIMIT>
          <H_CODE>0</H_CODE>
          <D_CODE>0</D_CODE>
          <EXPIRED>false</EXPIRED>
          <HOLES>0</HOLES>
          <FEED_TIME>0</FEED_TIME>
          <TOTAL_TIME>0</TOTAL_TIME>
          <TOOL_USAGE>0</TOOL_USAGE>
          <TOOL_LOAD>0</TOOL_LOAD>
          <TOOL_LOAD_LIMIT>0</TOOL_LOAD_LIMIT>
          <ALARM_LIMIT>0</ALARM_LIMIT>
          <H_CODE>0</H_CODE>
          <D_CODE>0</D_CODE>
          <EXPIRED>false</EXPIRED>
          <HOLES>0</HOLES>
          <FEED_TIME>0</FEED_TIME>
          <TOTAL_TIME>0</TOTAL_TIME>
          <TOOL_USAGE>0</TOOL_USAGE>
          <TOOL_LOAD>0</TOOL_LOAD>
          <TOOL_LOAD_LIMIT>0</TOOL_LOAD_LIMIT>
          <ALARM_LIMIT>0</ALARM_LIMIT>
          <H_CODE>0</H_CODE>
          <D_CODE>0</D_CODE>
          <EXPIRED>false</EXPIRED>
          <HOLES>0</HOLES>
          <FEED_TIME>0</FEED_TIME>
          <TOTAL_TIME>0</TOTAL_TIME>
          <TOOL_USAGE>0</TOOL_USAGE>
          <TOOL_LOAD>0</TOOL_LOAD>
          <TOOL_LOAD_LIMIT>0</TOOL_LOAD_LIMIT>
          <ALARM_LIMIT>0</ALARM_LIMIT>
          <H_CODE>0</H_CODE>
          <D_CODE>0</D_CODE>
          <EXPIRED>false</EXPIRED>
          <HOLES>0</HOLES>
          <FEED_TIME>0</FEED_TIME>
          <TOTAL_TIME>0</TOTAL_TIME>
          <TOOL_USAGE>0</TOOL_USAGE>
          <TOOL_LOAD>0</TOOL_LOAD>
          <TOOL_LOAD_LIMIT>0</TOOL_LOAD_LIMIT>
          <ALARM_LIMIT>0</ALARM_LIMIT>
          <H_CODE>0</H_CODE>
          <D_CODE>0</D_CODE>
          <EXPIRED>false</EXPIRED>
          <HOLES>0</HOLES>
          <FEED_TIME>0</FEED_TIME>
          <TOTAL_TIME>0</TOTAL_TIME>
          <TOOL_USAGE>0</TOOL_USAGE>
          <TOOL_LOAD>0</TOOL_LOAD>
          <TOOL_LOAD_LIMIT>0</TOOL_LOAD_LIMIT>
          <ALARM_LIMIT>0</ALARM_LIMIT>
          <H_CODE>0</H_CODE>
          <D_CODE>0</D_CODE>
          <EXPIRED>false</EXPIRED>
          <HOLES>0</HOLES>
          <FEED_TIME>0</FEED_TIME>
          <TOTAL_TIME>0</TOTAL_TIME>
          <TOOL_USAGE>0</TOOL_USAGE>
          <TOOL_LOAD>0</TOOL_LOAD>
          <TOOL_LOAD_LIMIT>0</TOOL_LOAD_LIMIT>
          <ALARM_LIMIT>0</ALARM_LIMIT>
          <H_CODE>0</H_CODE>
          <D_CODE>0</D_CODE>
          <EXPIRED>false</EXPIRED>
          <HOLES>0</HOLES>
          <FEED_TIME>0</FEED_TIME>
          <TOTAL_TIME>0</TOTAL_TIME>
          <TOOL_USAGE>0</TOOL_USAGE>
          <TOOL_LOAD>0</TOOL_LOAD>
          <TOOL_LOAD_LIMIT>0</TOOL_LOAD_LIMIT>
          <ALARM_LIMIT>0</ALARM_LIMIT>
          <H_CODE>0</H_CODE>
          <D_CODE>0</D_CODE>
          <EXPIRED>false</EXPIRED>
          <HOLES>0</HOLES>
          <FEED_TIME>0</FEED_TIME>
          <TOTAL_TIME>0</TOTAL_TIME>
          <TOOL_USAGE>0</TOOL_USAGE>
          <TOOL_LOAD>0</TOOL_LOAD>
          <TOOL_LOAD_LIMIT>0</TOOL_LOAD_LIMIT>
          <ALARM_LIMIT>0</ALARM_LIMIT>
          <H_CODE>0</H_CODE>
          <D_CODE>0</D_CODE>
          <EXPIRED>false</EXPIRED>
          <HOLES>0</HOLES>
          <FEED_TIME>0</FEED_TIME>
          <TOTAL_TIME>0</TOTAL_TIME>
          <TOOL_USAGE>0</TOOL_USAGE>
          <TOOL_LOAD>0</TOOL_LOAD>
          <TOOL_LOAD_LIMIT>0</TOOL_LOAD_LIMIT>
          <ALARM_LIMIT>0</ALARM_LIMIT>
          <H_CODE>0</H_CODE>
          <D_CODE>0</D_CODE>
          <EXPIRED>false</EXPIRED>
          <HOLES>0</HOLES>
          <FEED_TIME>0</FEED_TIME>
          <TOTAL_TIME>0</TOTAL_TIME>
          <TOOL_USAGE>0</TOOL_USAGE>
          <TOOL_LOAD>0</TOOL_LOAD>
          <TOOL_LOAD_LIMIT>0</TOOL_LOAD_LIMIT>
          <ALARM_LIMIT>0</ALARM_LIMIT>
          <H_CODE>0</H_CODE>
          <D_CODE>0</D_CODE>
          <EXPIRED>false</EXPIRED>
          <HOLES>0</HOLES>
          <FEED_TIME>0</FEED_TIME>
          <TOTAL_TIME>0</TOTAL_TIME>
          <TOOL_USAGE>0</TOOL_USAGE>
          <TOOL_LOAD>0</TOOL_LOAD>
          <TOOL_LOAD_LIMIT>0</TOOL_LOAD_LIMIT>
          <ALARM_LIMIT>0</ALARM_LIMIT>
          <H_CODE>0</H_CODE>
          <D_CODE>0</D_CODE>
          <EXPIRED>false</EXPIRED>
          <HOLES>0</HOLES>
          <FEED_TIME>0</FEED_TIME>
          <TOTAL_TIME>0</TOTAL_TIME>
          <TOOL_USAGE>0</TOOL_USAGE>
          <TOOL_LOAD>0</TOOL_LOAD>
          <TOOL_LOAD_LIMIT>0</TOOL_LOAD_LIMIT>
          <ALARM_LIMIT>0</ALARM_LIMIT>
          <H_CODE>0</H_CODE>
          <D_CODE>0</D_CODE>
          <EXPIRED>false</EXPIRED>
          <HOLES>0</HOLES>
          <FEED_TIME>0</FEED_TIME>
          <TOTAL_TIME>0</TOTAL_TIME>
          <TOOL_USAGE>0</TOOL_USAGE>
          <TOOL_LOAD>0</TOOL_LOAD>
          <TOOL_LOAD_LIMIT>0</TOOL_LOAD_LIMIT>
          <ALARM_LIMIT>0</ALARM_LIMIT>
          <H_CODE>0</H_CODE>
          <D_CODE>0</D_CODE>
          <EXPIRED>false</EXPIRED>
          <HOLES>0</HOLES>
          <FEED_TIME>0</FEED_TIME>
          <TOTAL_TIME>0</TOTAL_TIME>
          <TOOL_USAGE>0</TOOL_USAGE>
          <TOOL_LOAD>0</TOOL_LOAD>
          <TOOL_LOAD_LIMIT>0</TOOL_LOAD_LIMIT>
          <ALARM_LIMIT>0</ALARM_LIMIT>
          <H_CODE>0</H_CODE>
          <D_CODE>0</D_CODE>
          <EXPIRED>false</EXPIRED>
          <HOLES>0</HOLES>
          <FEED_TIME>0</FEED_TIME>
          <TOTAL_TIME>0</TOTAL_TIME>
          <TOOL_USAGE>0</TOOL_USAGE>
          <TOOL_LOAD>0</TOOL_LOAD>
          <TOOL_LOAD_LIMIT>0</TOOL_LOAD_LIMIT>
          <ALARM_LIMIT>0</ALARM_LIMIT>
          <H_CODE>0</H_CODE>
          <D_CODE>0</D_CODE>
          <EXPIRED>false</EXPIRED>
          <HOLES>0</HOLES>
          <FEED_TIME>0</FEED_TIME>
          <TOTAL_TIME>0</TOTAL_TIME>
          <TOOL_USAGE>0</TOOL_USAGE>
          <TOOL_LOAD>0</TOOL_LOAD>
          <TOOL_LOAD_LIMIT>0</TOOL_LOAD_LIMIT>
          <ALARM_LIMIT>0</ALARM_LIMIT>
          <H_CODE>0</H_CODE>
          <D_CODE>0</D_CODE>
          <EXPIRED>false</EXPIRED>
          <HOLES>0</HOLES>
          <FEED_TIME>0</FEED_TIME>
          <TOTAL_TIME>0</TOTAL_TIME>
          <TOOL_USAGE>0</TOOL_USAGE>
          <TOOL_LOAD>0</TOOL_LOAD>
          <TOOL_LOAD_LIMIT>0</TOOL_LOAD_LIMIT>
          <ALARM_LIMIT>0</ALARM_LIMIT>
          <H_CODE>0</H_CODE>
          <D_CODE>0</D_CODE>
          <EXPIRED>false</EXPIRED>
          <HOLES>0</HOLES>
          <FEED_TIME>0</FEED_TIME>
          <TOTAL_TIME>0</TOTAL_TIME>
          <TOOL_USAGE>0</TOOL_USAGE>
          <TOOL_LOAD>0</TOOL_LOAD>
          <TOOL_LOAD_LIMIT>0</TOOL_LOAD_LIMIT>
          <ALARM_LIMIT>0</ALARM_LIMIT>
          <H_CODE>0</H_CODE>
          <D_CODE>0</D_CODE>
          <EXPIRED>false</EXPIRED>
          <HOLES>0</HOLES>
          <FEED_TIME>0</FEED_TIME>
          <TOTAL_TIME>0</TOTAL_TIME>
          <TOOL_USAGE>0</TOOL_USAGE>
          <TOOL_LOAD>0</TOOL_LOAD>
          <TOOL_LOAD_LIMIT>0</TOOL_LOAD_LIMIT>
          <ALARM_LIMIT>0</ALARM_LIMIT>
          <H_CODE>0</H_CODE>
          <D_CODE>0</D_CODE>
          <EXPIRED>false</EXPIRED>
          <HOLES>0</HOLES>
          <FEED_TIME>0</FEED_TIME>
          <TOTAL_TIME>0</TOTAL_TIME>
          <TOOL_USAGE>0</TOOL_USAGE>
          <TOOL_LOAD>0</TOOL_LOAD>
          <TOOL_LOAD_LIMIT>0</TOOL_LOAD_LIMIT>
          <ALARM_LIMIT>0</ALARM_LIMIT>
          <H_CODE>0</H_CODE>
          <D_CODE>0</D_CODE>
          <EXPIRED>false</EXPIRED>
          <HOLES>0</HOLES>
          <FEED_TIME>0</FEED_TIME>
          <TOTAL_TIME>0</TOTAL_TIME>
          <TOOL_USAGE>0</TOOL_USAGE>
          <TOOL_LOAD>0</TOOL_LOAD>
          <TOOL_LOAD_LIMIT>0</TOOL_LOAD_LIMIT>
          <ALARM_LIMIT>0</ALARM_LIMIT>
          <H_CODE>0</H_CODE>
          <D_CODE>0</D_CODE>
          <EXPIRED>false</EXPIRED>
          <HOLES>0</HOLES>
          <FEED_TIME>0</FEED_TIME>
          <TOTAL_TIME>0</TOTAL_TIME>
          <TOOL_USAGE>0</TOOL_USAGE>
          <TOOL_LOAD>0</TOOL_LOAD>
          <TOOL_LOAD_LIMIT>0</TOOL_LOAD_LIMIT>
          <ALARM_LIMIT>0</ALARM_LIMIT>
          <H_CODE>0</H_CODE>
          <D_CODE>0</D_CODE>
          <EXPIRED>false</EXPIRED>
          <HOLES>0</HOLES>
          <FEED_TIME>0</FEED_TIME>
          <TOTAL_TIME>0</TOTAL_TIME>
          <TOOL_USAGE>0</TOOL_USAGE>
          <TOOL_LOAD>0</TOOL_LOAD>
          <TOOL_LOAD_LIMIT>0</TOOL_LOAD_LIMIT>
          <ALARM_LIMIT>0</ALARM_LIMIT>
          <H_CODE>0</H_CODE>
          <D_CODE>0</D_CODE>
          <EXPIRED>false</EXPIRED>
          <HOLES>0</HOLES>
          <FEED_TIME>0</FEED_TIME>
          <TOTAL_TIME>0</TOTAL_TIME>
          <TOOL_USAGE>0</TOOL_USAGE>
          <TOOL_LOAD>0</TOOL_LOAD>
          <TOOL_LOAD_LIMIT>0</TOOL_LOAD_LIMIT>
          <ALARM_LIMIT>0</ALARM_LIMIT>
          <H_CODE>0</H_CODE>
          <D_CODE>0</D_CODE>
          <EXPIRED>false</EXPIRED>
          <HOLES>0</HOLES>
          <FEED_TIME>0</FEED_TIME>
          <TOTAL_TIME>0</TOTAL_TIME>
          <TOOL_USAGE>0</TOOL_USAGE>
          <TOOL_LOAD>0</TOOL_LOAD>
          <TOOL_LOAD_LIMIT>0</TOOL_LOAD_LIMIT>
          <ALARM_LIMIT>0</ALARM_LIMIT>
          <H_CODE>0</H_CODE>
          <D_CODE>0</D_CODE>
          <EXPIRED>false</EXPIRED>
          <HOLES>0</HOLES>
          <FEED_TIME>0</FEED_TIME>
          <TOTAL_TIME>0</TOTAL_TIME>
          <TOOL_USAGE>0</TOOL_USAGE>
          <TOOL_LOAD>0</TOOL_LOAD>
          <TOOL_LOAD_LIMIT>0</TOOL_LOAD_LIMIT>
          <ALARM_LIMIT>0</ALARM_LIMIT>
          <H_CODE>0</H_CODE>
          <D_CODE>0</D_CODE>
          <EXPIRED>false</EXPIRED>
          <HOLES>0</HOLES>
          <FEED_TIME>0</FEED_TIME>
          <TOTAL_TIME>0</TOTAL_TIME>
          <TOOL_USAGE>0</TOOL_USAGE>
          <TOOL_LOAD>0</TOOL_LOAD>
          <TOOL_LOAD_LIMIT>0</TOOL_LOAD_LIMIT>
          <ALARM_LIMIT>0</ALARM_LIMIT>
          <H_CODE>0</H_CODE>
          <D_CODE>0</D_CODE>
          <EXPIRED>false</EXPIRED>
          <HOLES>0</HOLES>
          <FEED_TIME>0</FEED_TIME>
          <TOTAL_TIME>0</TOTAL_TIME>
          <TOOL_USAGE>0</TOOL_USAGE>
          <TOOL_LOAD>0</TOOL_LOAD>
          <TOOL_LOAD_LIMIT>0</TOOL_LOAD_LIMIT>
          <ALARM_LIMIT>0</ALARM_LIMIT>
          <H_CODE>0</H_CODE>
          <D_CODE>0</D_CODE>
          <EXPIRED>false</EXPIRED>
          <HOLES>0</HOLES>
          <FEED_TIME>0</FEED_TIME>
          <TOTAL_TIME>0</TOTAL_TIME>
          <TOOL_USAGE>0</TOOL_USAGE>
          <TOOL_LOAD>0</TOOL_LOAD>
          <TOOL_LOAD_LIMIT>0</TOOL_LOAD_LIMIT>
          <ALARM_LIMIT>0</ALARM_LIMIT>
          <H_CODE>0</H_CODE>
          <D_CODE>0</D_CODE>
          <EXPIRED>false</EXPIRED>
          <HOLES>0</HOLES>
          <FEED_TIME>0</FEED_TIME>
          <TOTAL_TIME>0</TOTAL_TIME>
          <TOOL_USAGE>0</TOOL_USAGE>
          <TOOL_LOAD>0</TOOL_LOAD>
          <TOOL_LOAD_LIMIT>0</TOOL_LOAD_LIMIT>
          <ALARM_LIMIT>0</ALARM_LIMIT>
          <H_CODE>0</H_CODE>
          <D_CODE>0</D_CODE>
          <EXPIRED>false</EXPIRED>
          <HOLES>0</HOLES>
          <FEED_TIME>0</FEED_TIME>
          <TOTAL_TIME>0</TOTAL_TIME>
          <TOOL_USAGE>0</TOOL_USAGE>
          <TOOL_LOAD>0</TOOL_LOAD>
          <TOOL_LOAD_LIMIT>0</TOOL_LOAD_LIMIT>
          <ALARM_LIMIT>0</ALARM_LIMIT>
          <H_CODE>0</H_CODE>
          <D_CODE>0</D_CODE>
          <EXPIRED>false</EXPIRED>
          <HOLES>0</HOLES>
          <FEED_TIME>0</FEED_TIME>
          <TOTAL_TIME>0</TOTAL_TIME>
          <TOOL_USAGE>0</TOOL_USAGE>
          <TOOL_LOAD>0</TOOL_LOAD>
          <TOOL_LOAD_LIMIT>0</TOOL_LOAD_LIMIT>
          <ALARM_LIMIT>0</ALARM_LIMIT>
          <H_CODE>0</H_CODE>
          <D_CODE>0</D_CODE>
          <EXPIRED>false</EXPIRED>
          <HOLES>0</HOLES>
          <FEED_TIME>0</FEED_TIME>
          <TOTAL_TIME>0</TOTAL_TIME>
          <TOOL_USAGE>0</TOOL_USAGE>
          <TOOL_LOAD>0</TOOL_LOAD>
          <TOOL_LOAD_LIMIT>0</TOOL_LOAD_LIMIT>
          <ALARM_LIMIT>0</ALARM_LIMIT>
          <H_CODE>0</H_CODE>
          <D_CODE>0</D_CODE>
          <EXPIRED>false</EXPIRED>
          <HOLES>0</HOLES>
          <FEED_TIME>0</FEED_TIME>
          <TOTAL_TIME>0</TOTAL_TIME>
          <TOOL_USAGE>0</TOOL_USAGE>
          <TOOL_LOAD>0</TOOL_LOAD>
          <TOOL_LOAD_LIMIT>0</TOOL_LOAD_LIMIT>
          <ALARM_LIMIT>0</ALARM_LIMIT>
          <H_CODE>0</H_CODE>
          <D_CODE>0</D_CODE>
          <EXPIRED>false</EXPIRED>
          <HOLES>0</HOLES>
          <FEED_TIME>0</FEED_TIME>
          <TOTAL_TIME>0</TOTAL_TIME>
          <TOOL_USAGE>0</TOOL_USAGE>
          <TOOL_LOAD>0</TOOL_LOAD>
          <TOOL_LOAD_LIMIT>0</TOOL_LOAD_LIMIT>
          <ALARM_LIMIT>0</ALARM_LIMIT>
          <H_CODE>0</H_CODE>
          <D_CODE>0</D_CODE>
          <EXPIRED>false</EXPIRED>
          <HOLES>0</HOLES>
          <FEED_TIME>0</FEED_TIME>
          <TOTAL_TIME>0</TOTAL_TIME>
          <TOOL_USAGE>0</TOOL_USAGE>
          <TOOL_LOAD>0</TOOL_LOAD>
          <TOOL_LOAD_LIMIT>0</TOOL_LOAD_LIMIT>
          <ALARM_LIMIT>0</ALARM_LIMIT>
          <H_CODE>0</H_CODE>
          <D_CODE>0</D_CODE>
          <EXPIRED>false</EXPIRED>
          <HOLES>0</HOLES>
          <FEED_TIME>0</FEED_TIME>
          <TOTAL_TIME>0</TOTAL_TIME>
          <TOOL_USAGE>0</TOOL_USAGE>
          <TOOL_LOAD>0</TOOL_LOAD>
          <TOOL_LOAD_LIMIT>0</TOOL_LOAD_LIMIT>
          <ALARM_LIMIT>0</ALARM_LIMIT>
          <H_CODE>0</H_CODE>
          <D_CODE>0</D_CODE>
          <EXPIRED>false</EXPIRED>
          <HOLES>0</HOLES>
          <FEED_TIME>0</FEED_TIME>
          <TOTAL_TIME>0</TOTAL_TIME>
          <TOOL_USAGE>0</TOOL_USAGE>
          <TOOL_LOAD>0</TOOL_LOAD>
          <TOOL_LOAD_LIMIT>0</TOOL_LOAD_LIMIT>
          <ALARM_LIMIT>0</ALARM_LIMIT>
          <H_CODE>0</H_CODE>
          <D_CODE>0</D_CODE>
          <EXPIRED>false</EXPIRED>
          <HOLES>0</HOLES>
          <FEED_TIME>0</FEED_TIME>
          <TOTAL_TIME>0</TOTAL_TIME>
          <TOOL_USAGE>0</TOOL_USAGE>
          <TOOL_LOAD>0</TOOL_LOAD>
          <TOOL_LOAD_LIMIT>0</TOOL_LOAD_LIMIT>
          <ALARM_LIMIT>0</ALARM_LIMIT>
          <H_CODE>0</H_CODE>
          <D_CODE>0</D_CODE>
          <EXPIRED>false</EXPIRED>
          <HOLES>0</HOLES>
          <FEED_TIME>0</FEED_TIME>
          <TOTAL_TIME>0</TOTAL_TIME>
          <TOOL_USAGE>0</TOOL_USAGE>
          <TOOL_LOAD>0</TOOL_LOAD>
          <TOOL_LOAD_LIMIT>0</TOOL_LOAD_LIMIT>
          <ALARM_LIMIT>0</ALARM_LIMIT>
          <H_CODE>0</H_CODE>
          <D_CODE>0</D_CODE>
          <EXPIRED>false</EXPIRED>
          <HOLES>0</HOLES>
          <FEED_TIME>0</FEED_TIME>
          <TOTAL_TIME>0</TOTAL_TIME>
          <TOOL_USAGE>0</TOOL_USAGE>
          <TOOL_LOAD>0</TOOL_LOAD>
          <TOOL_LOAD_LIMIT>0</TOOL_LOAD_LIMIT>
          <ALARM_LIMIT>0</ALARM_LIMIT>
          <H_CODE>0</H_CODE>
          <D_CODE>0</D_CODE>
          <EXPIRED>false</EXPIRED>
          <HOLES>0</HOLES>
          <FEED_TIME>0</FEED_TIME>
          <TOTAL_TIME>0</TOTAL_TIME>
          <TOOL_USAGE>0</TOOL_USAGE>
          <TOOL_LOAD>0</TOOL_LOAD>
          <TOOL_LOAD_LIMIT>0</TOOL_LOAD_LIMIT>
          <ALARM_LIMIT>0</ALARM_LIMIT>
          <H_CODE>0</H_CODE>
          <D_CODE>0</D_CODE>
          <EXPIRED>false</EXPIRED>
          <HOLES>0</HOLES>
          <FEED_TIME>0</FEED_TIME>
          <TOTAL_TIME>0</TOTAL_TIME>
          <TOOL_USAGE>0</TOOL_USAGE>
          <TOOL_LOAD>0</TOOL_LOAD>
          <TOOL_LOAD_LIMIT>0</TOOL_LOAD_LIMIT>
          <ALARM_LIMIT>0</ALARM_LIMIT>
          <H_CODE>0</H_CODE>
          <D_CODE>0</D_CODE>
          <EXPIRED>false</EXPIRED>
          <HOLES>0</HOLES>
          <FEED_TIME>0</FEED_TIME>
          <TOTAL_TIME>0</TOTAL_TIME>
          <TOOL_USAGE>0</TOOL_USAGE>
          <TOOL_LOAD>0</TOOL_LOAD>
          <TOOL_LOAD_LIMIT>0</TOOL_LOAD_LIMIT>
          <ALARM_LIMIT>0</ALARM_LIMIT>
          <H_CODE>0</H_CODE>
          <D_CODE>0</D_CODE>
          <EXPIRED>false</EXPIRED>
          <HOLES>0</HOLES>
          <FEED_TIME>0</FEED_TIME>
          <TOTAL_TIME>0</TOTAL_TIME>
          <TOOL_USAGE>0</TOOL_USAGE>
          <TOOL_LOAD>0</TOOL_LOAD>
          <TOOL_LOAD_LIMIT>0</TOOL_LOAD_LIMIT>
          <ALARM_LIMIT>0</ALARM_LIMIT>
          <H_CODE>0</H_CODE>
          <D_CODE>0</D_CODE>
          <EXPIRED>false</EXPIRED>
          <HOLES>0</HOLES>
          <FEED_TIME>0</FEED_TIME>
          <TOTAL_TIME>0</TOTAL_TIME>
          <TOOL_USAGE>0</TOOL_USAGE>
          <TOOL_LOAD>0</TOOL_LOAD>
          <TOOL_LOAD_LIMIT>0</TOOL_LOAD_LIMIT>
          <ALARM_LIMIT>0</ALARM_LIMIT>
          <H_CODE>0</H_CODE>
          <D_CODE>0</D_CODE>
          <EXPIRED>false</EXPIRED>
          <HOLES>0</HOLES>
          <FEED_TIME>0</FEED_TIME>
          <TOTAL_TIME>0</TOTAL_TIME>
          <TOOL_USAGE>0</TOOL_USAGE>
          <TOOL_LOAD>0</TOOL_LOAD>
          <TOOL_LOAD_LIMIT>0</TOOL_LOAD_LIMIT>
          <ALARM_LIMIT>0</ALARM_LIMIT>
          <H_CODE>0</H_CODE>
          <D_CODE>0</D_CODE>
          <EXPIRED>false</EXPIRED>
          <HOLES>0</HOLES>
          <FEED_TIME>0</FEED_TIME>
          <TOTAL_TIME>0</TOTAL_TIME>
          <TOOL_USAGE>0</TOOL_USAGE>
          <TOOL_LOAD>0</TOOL_LOAD>
          <TOOL_LOAD_LIMIT>0</TOOL_LOAD_LIMIT>
          <ALARM_LIMIT>0</ALARM_LIMIT>
          <H_CODE>0</H_CODE>
          <D_CODE>0</D_CODE>
          <EXPIRED>false</EXPIRED>
          <HOLES>0</HOLES>
          <FEED_TIME>0</FEED_TIME>
          <TOTAL_TIME>0</TOTAL_TIME>
          <TOOL_USAGE>0</TOOL_USAGE>
          <TOOL_LOAD>0</TOOL_LOAD>
          <TOOL_LOAD_LIMIT>0</TOOL_LOAD_LIMIT>
          <ALARM_LIMIT>0</ALARM_LIMIT>
          <H_CODE>0</H_CODE>
          <D_CODE>0</D_CODE>
          <EXPIRED>false</EXPIRED>
          <HOLES>0</HOLES>
          <FEED_TIME>0</FEED_TIME>
          <TOTAL_TIME>0</TOTAL_TIME>
          <TOOL_USAGE>0</TOOL_USAGE>
          <TOOL_LOAD>0</TOOL_LOAD>
          <TOOL_LOAD_LIMIT>0</TOOL_LOAD_LIMIT>
          <ALARM_LIMIT>0</ALARM_LIMIT>
          <H_CODE>0</H_CODE>
          <D_CODE>0</D_CODE>
          <EXPIRED>false</EXPIRED>
          <HOLES>0</HOLES>
          <FEED_TIME>0</FEED_TIME>
          <TOTAL_TIME>0</TOTAL_TIME>
          <TOOL_USAGE>0</TOOL_USAGE>
          <TOOL_LOAD>0</TOOL_LOAD>
          <TOOL_LOAD_LIMIT>0</TOOL_LOAD_LIMIT>
          <ALARM_LIMIT>0</ALARM_LIMIT>
          <H_CODE>0</H_CODE>
          <D_CODE>0</D_CODE>
          <EXPIRED>false</EXPIRED>
          <HOLES>0</HOLES>
          <FEED_TIME>0</FEED_TIME>
          <TOTAL_TIME>0</TOTAL_TIME>
          <TOOL_USAGE>0</TOOL_USAGE>
          <TOOL_LOAD>0</TOOL_LOAD>
          <TOOL_LOAD_LIMIT>0</TOOL_LOAD_LIMIT>
          <ALARM_LIMIT>0</ALARM_LIMIT>
          <H_CODE>0</H_CODE>
          <D_CODE>0</D_CODE>
          <EXPIRED>false</EXPIRED>
          <HOLES>0</HOLES>
          <FEED_TIME>0</FEED_TIME>
          <TOTAL_TIME>0</TOTAL_TIME>
          <TOOL_USAGE>0</TOOL_USAGE>
          <TOOL_LOAD>0</TOOL_LOAD>
          <TOOL_LOAD_LIMIT>0</TOOL_LOAD_LIMIT>
          <ALARM_LIMIT>0</ALARM_LIMIT>
          <H_CODE>0</H_CODE>
          <D_CODE>0</D_CODE>
          <EXPIRED>false</EXPIRED>
          <HOLES>0</HOLES>
          <FEED_TIME>0</FEED_TIME>
          <TOTAL_TIME>0</TOTAL_TIME>
          <TOOL_USAGE>0</TOOL_USAGE>
          <TOOL_LOAD>0</TOOL_LOAD>
          <TOOL_LOAD_LIMIT>0</TOOL_LOAD_LIMIT>
          <ALARM_LIMIT>0</ALARM_LIMIT>
          <H_CODE>0</H_CODE>
          <D_CODE>0</D_CODE>
          <EXPIRED>false</EXPIRED>
          <HOLES>0</HOLES>
          <FEED_TIME>0</FEED_TIME>
          <TOTAL_TIME>0</TOTAL_TIME>
          <TOOL_USAGE>0</TOOL_USAGE>
          <TOOL_LOAD>0</TOOL_LOAD>
          <TOOL_LOAD_LIMIT>0</TOOL_LOAD_LIMIT>
          <ALARM_LIMIT>0</ALARM_LIMIT>
          <H_CODE>0</H_CODE>
          <D_CODE>0</D_CODE>
          <EXPIRED>false</EXPIRED>
          <HOLES>0</HOLES>
          <FEED_TIME>0</FEED_TIME>
          <TOTAL_TIME>0</TOTAL_TIME>
          <TOOL_USAGE>0</TOOL_USAGE>
          <TOOL_LOAD>0</TOOL_LOAD>
          <TOOL_LOAD_LIMIT>0</TOOL_LOAD_LIMIT>
          <ALARM_LIMIT>0</ALARM_LIMIT>
          <H_CODE>0</H_CODE>
          <D_CODE>0</D_CODE>
          <EXPIRED>false</EXPIRED>
          <HOLES>0</HOLES>
          <FEED_TIME>0</FEED_TIME>
          <TOTAL_TIME>0</TOTAL_TIME>
          <TOOL_USAGE>0</TOOL_USAGE>
          <TOOL_LOAD>0</TOOL_LOAD>
          <TOOL_LOAD_LIMIT>0</TOOL_LOAD_LIMIT>
          <ALARM_LIMIT>0</ALARM_LIMIT>
          <H_CODE>0</H_CODE>
          <D_CODE>0</D_CODE>
          <EXPIRED>false</EXPIRED>
          <HOLES>0</HOLES>
          <FEED_TIME>0</FEED_TIME>
          <TOTAL_TIME>0</TOTAL_TIME>
          <TOOL_USAGE>0</TOOL_USAGE>
          <TOOL_LOAD>0</TOOL_LOAD>
          <TOOL_LOAD_LIMIT>0</TOOL_LOAD_LIMIT>
          <ALARM_LIMIT>0</ALARM_LIMIT>
          <H_CODE>0</H_CODE>
          <D_CODE>0</D_CODE>
          <EXPIRED>false</EXPIRED>
          <HOLES>0</HOLES>
          <FEED_TIME>0</FEED_TIME>
          <TOTAL_TIME>0</TOTAL_TIME>
          <TOOL_USAGE>0</TOOL_USAGE>
          <TOOL_LOAD>0</TOOL_LOAD>
          <TOOL_LOAD_LIMIT>0</TOOL_LOAD_LIMIT>
          <ALARM_LIMIT>0</ALARM_LIMIT>
          <H_CODE>0</H_CODE>
          <D_CODE>0</D_CODE>
          <EXPIRED>false</EXPIRED>
          <HOLES>0</HOLES>
          <FEED_TIME>0</FEED_TIME>
          <TOTAL_TIME>0</TOTAL_TIME>
          <TOOL_USAGE>0</TOOL_USAGE>
          <TOOL_LOAD>0</TOOL_LOAD>
          <TOOL_LOAD_LIMIT>0</TOOL_LOAD_LIMIT>
          <ALARM_LIMIT>0</ALARM_LIMIT>
          <H_CODE>0</H_CODE>
          <D_CODE>0</D_CODE>
          <EXPIRED>false</EXPIRED>
          <HOLES>0</HOLES>
          <FEED_TIME>0</FEED_TIME>
          <TOTAL_TIME>0</TOTAL_TIME>
          <TOOL_USAGE>0</TOOL_USAGE>
          <TOOL_LOAD>0</TOOL_LOAD>
          <TOOL_LOAD_LIMIT>0</TOOL_LOAD_LIMIT>
          <ALARM_LIMIT>0</ALARM_LIMIT>
          <H_CODE>0</H_CODE>
          <D_CODE>0</D_CODE>
          <EXPIRED>false</EXPIRED>
          <HOLES>0</HOLES>
          <FEED_TIME>0</FEED_TIME>
          <TOTAL_TIME>0</TOTAL_TIME>
          <TOOL_USAGE>0</TOOL_USAGE>
          <TOOL_LOAD>0</TOOL_LOAD>
          <TOOL_LOAD_LIMIT>0</TOOL_LOAD_LIMIT>
          <ALARM_LIMIT>0</ALARM_LIMIT>
          <H_CODE>0</H_CODE>
          <D_CODE>0</D_CODE>
          <EXPIRED>false</EXPIRED>
          <HOLES>0</HOLES>
          <FEED_TIME>0</FEED_TIME>
          <TOTAL_TIME>0</TOTAL_TIME>
          <TOOL_USAGE>0</TOOL_USAGE>
          <TOOL_LOAD>0</TOOL_LOAD>
          <TOOL_LOAD_LIMIT>0</TOOL_LOAD_LIMIT>
          <ALARM_LIMIT>0</ALARM_LIMIT>
          <H_CODE>0</H_CODE>
          <D_CODE>0</D_CODE>
          <EXPIRED>false</EXPIRED>
          <HOLES>0</HOLES>
          <FEED_TIME>0</FEED_TIME>
          <TOTAL_TIME>0</TOTAL_TIME>
          <TOOL_USAGE>0</TOOL_USAGE>
          <TOOL_LOAD>0</TOOL_LOAD>
          <TOOL_LOAD_LIMIT>0</TOOL_LOAD_LIMIT>
          <ALARM_LIMIT>0</ALARM_LIMIT>
          <H_CODE>0</H_CODE>
          <D_CODE>0</D_CODE>
          <EXPIRED>false</EXPIRED>
          <HOLES>0</HOLES>
          <FEED_TIME>0</FEED_TIME>
          <TOTAL_TIME>0</TOTAL_TIME>
          <TOOL_USAGE>0</TOOL_USAGE>
          <TOOL_LOAD>0</TOOL_LOAD>
          <TOOL_LOAD_LIMIT>0</TOOL_LOAD_LIMIT>
          <ALARM_LIMIT>0</ALARM_LIMIT>
          <H_CODE>0</H_CODE>
          <D_CODE>0</D_CODE>
          <EXPIRED>false</EXPIRED>
          <HOLES>0</HOLES>
          <FEED_TIME>0</FEED_TIME>
          <TOTAL_TIME>0</TOTAL_TIME>
          <TOOL_USAGE>0</TOOL_USAGE>
          <TOOL_LOAD>0</TOOL_LOAD>
          <TOOL_LOAD_LIMIT>0</TOOL_LOAD_LIMIT>
          <ALARM_LIMIT>0</ALARM_LIMIT>
          <H_CODE>0</H_CODE>
          <D_CODE>0</D_CODE>
          <EXPIRED>false</EXPIRED>
          <HOLES>0</HOLES>
          <FEED_TIME>0</FEED_TIME>
          <TOTAL_TIME>0</TOTAL_TIME>
          <TOOL_USAGE>0</TOOL_USAGE>
          <TOOL_LOAD>0</TOOL_LOAD>
          <TOOL_LOAD_LIMIT>0</TOOL_LOAD_LIMIT>
          <ALARM_LIMIT>0</ALARM_LIMIT>
          <H_CODE>0</H_CODE>
          <D_CODE>0</D_CODE>
          <EXPIRED>false</EXPIRED>
          <HOLES>0</HOLES>
          <FEED_TIME>0</FEED_TIME>
          <TOTAL_TIME>0</TOTAL_TIME>
          <TOOL_USAGE>0</TOOL_USAGE>
          <TOOL_LOAD>0</TOOL_LOAD>
          <TOOL_LOAD_LIMIT>0</TOOL_LOAD_LIMIT>
          <ALARM_LIMIT>0</ALARM_LIMIT>
          <H_CODE>0</H_CODE>
          <D_CODE>0</D_CODE>
          <EXPIRED>false</EXPIRED>
          <HOLES>0</HOLES>
          <FEED_TIME>0</FEED_TIME>
          <TOTAL_TIME>0</TOTAL_TIME>
          <TOOL_USAGE>0</TOOL_USAGE>
          <TOOL_LOAD>0</TOOL_LOAD>
          <TOOL_LOAD_LIMIT>0</TOOL_LOAD_LIMIT>
          <ALARM_LIMIT>0</ALARM_LIMIT>
          <H_CODE>0</H_CODE>
          <D_CODE>0</D_CODE>
          <EXPIRED>false</EXPIRED>
          <HOLES>0</HOLES>
          <FEED_TIME>0</FEED_TIME>
          <TOTAL_TIME>0</TOTAL_TIME>
          <TOOL_USAGE>0</TOOL_USAGE>
          <TOOL_LOAD>0</TOOL_LOAD>
          <TOOL_LOAD_LIMIT>0</TOOL_LOAD_LIMIT>
          <ALARM_LIMIT>0</ALARM_LIMIT>
          <H_CODE>0</H_CODE>
          <D_CODE>0</D_CODE>
          <EXPIRED>false</EXPIRED>
          <HOLES>0</HOLES>
          <FEED_TIME>0</FEED_TIME>
          <TOTAL_TIME>0</TOTAL_TIME>
          <TOOL_USAGE>0</TOOL_USAGE>
          <TOOL_LOAD>0</TOOL_LOAD>
          <TOOL_LOAD_LIMIT>0</TOOL_LOAD_LIMIT>
          <ALARM_LIMIT>0</ALARM_LIMIT>
          <H_CODE>0</H_CODE>
          <D_CODE>0</D_CODE>
          <EXPIRED>false</EXPIRED>
          <HOLES>0</HOLES>
          <FEED_TIME>0</FEED_TIME>
          <TOTAL_TIME>0</TOTAL_TIME>
          <TOOL_USAGE>0</TOOL_USAGE>
          <TOOL_LOAD>0</TOOL_LOAD>
          <TOOL_LOAD_LIMIT>0</TOOL_LOAD_LIMIT>
          <ALARM_LIMIT>0</ALARM_LIMIT>
          <H_CODE>0</H_CODE>
          <D_CODE>0</D_CODE>
          <EXPIRED>false</EXPIRED>
          <HOLES>0</HOLES>
          <FEED_TIME>0</FEED_TIME>
          <TOTAL_TIME>0</TOTAL_TIME>
          <TOOL_USAGE>0</TOOL_USAGE>
          <TOOL_LOAD>0</TOOL_LOAD>
          <TOOL_LOAD_LIMIT>0</TOOL_LOAD_LIMIT>
          <ALARM_LIMIT>0</ALARM_LIMIT>
          <H_CODE>0</H_CODE>
          <D_CODE>0</D_CODE>
          <EXPIRED>false</EXPIRED>
          <HOLES>0</HOLES>
          <FEED_TIME>0</FEED_TIME>
          <TOTAL_TIME>0</TOTAL_TIME>
          <TOOL_USAGE>0</TOOL_USAGE>
          <TOOL_LOAD>0</TOOL_LOAD>
          <TOOL_LOAD_LIMIT>0</TOOL_LOAD_LIMIT>
          <ALARM_LIMIT>0</ALARM_LIMIT>
          <H_CODE>0</H_CODE>
          <D_CODE>0</D_CODE>
          <EXPIRED>false</EXPIRED>
          <HOLES>0</HOLES>
          <FEED_TIME>0</FEED_TIME>
          <TOTAL_TIME>0</TOTAL_TIME>
          <TOOL_USAGE>0</TOOL_USAGE>
          <TOOL_LOAD>0</TOOL_LOAD>
          <TOOL_LOAD_LIMIT>0</TOOL_LOAD_LIMIT>
          <ALARM_LIMIT>0</ALARM_LIMIT>
          <H_CODE>0</H_CODE>
          <D_CODE>0</D_CODE>
          <EXPIRED>false</EXPIRED>
          <HOLES>0</HOLES>
          <FEED_TIME>0</FEED_TIME>
          <TOTAL_TIME>0</TOTAL_TIME>
          <TOOL_USAGE>0</TOOL_USAGE>
          <TOOL_LOAD>0</TOOL_LOAD>
          <TOOL_LOAD_LIMIT>0</TOOL_LOAD_LIMIT>
          <ALARM_LIMIT>0</ALARM_LIMIT>
          <H_CODE>0</H_CODE>
          <D_CODE>0</D_CODE>
          <EXPIRED>false</EXPIRED>
          <HOLES>0</HOLES>
          <FEED_TIME>0</FEED_TIME>
          <TOTAL_TIME>0</TOTAL_TIME>
          <TOOL_USAGE>0</TOOL_USAGE>
          <TOOL_LOAD>0</TOOL_LOAD>
          <TOOL_LOAD_LIMIT>0</TOOL_LOAD_LIMIT>
          <ALARM_LIMIT>0</ALARM_LIMIT>
          <H_CODE>0</H_CODE>
          <D_CODE>0</D_CODE>
          <EXPIRED>false</EXPIRED>
          <HOLES>0</HOLES>
          <FEED_TIME>0</FEED_TIME>
          <TOTAL_TIME>0</TOTAL_TIME>
          <TOOL_USAGE>0</TOOL_USAGE>
          <TOOL_LOAD>0</TOOL_LOAD>
          <TOOL_LOAD_LIMIT>0</TOOL_LOAD_LIMIT>
          <ALARM_LIMIT>0</ALARM_LIMIT>
          <H_CODE>0</H_CODE>
          <D_CODE>0</D_CODE>
          <EXPIRED>false</EXPIRED>
          <HOLES>0</HOLES>
          <FEED_TIME>0</FEED_TIME>
          <TOTAL_TIME>0</TOTAL_TIME>
          <TOOL_USAGE>0</TOOL_USAGE>
          <TOOL_LOAD>0</TOOL_LOAD>
          <TOOL_LOAD_LIMIT>0</TOOL_LOAD_LIMIT>
          <ALARM_LIMIT>0</ALARM_LIMIT>
          <H_CODE>0</H_CODE>
          <D_CODE>0</D_CODE>
          <EXPIRED>false</EXPIRED>
          <HOLES>0</HOLES>
          <FEED_TIME>0</FEED_TIME>
          <TOTAL_TIME>0</TOTAL_TIME>
          <TOOL_USAGE>0</TOOL_USAGE>
          <TOOL_LOAD>0</TOOL_LOAD>
          <TOOL_LOAD_LIMIT>0</TOOL_LOAD_LIMIT>
          <ALARM_LIMIT>0</ALARM_LIMIT>
          <H_CODE>0</H_CODE>
          <D_CODE>0</D_CODE>
          <EXPIRED>false</EXPIRED>
          <HOLES>0</HOLES>
          <FEED_TIME>0</FEED_TIME>
          <TOTAL_TIME>0</TOTAL_TIME>
          <TOOL_USAGE>0</TOOL_USAGE>
          <TOOL_LOAD>0</TOOL_LOAD>
          <TOOL_LOAD_LIMIT>0</TOOL_LOAD_LIMIT>
          <ALARM_LIMIT>0</ALARM_LIMIT>
          <H_CODE>0</H_CODE>
          <D_CODE>0</D_CODE>
          <EXPIRED>false</EXPIRED>
          <HOLES>0</HOLES>
          <FEED_TIME>0</FEED_TIME>
          <TOTAL_TIME>0</TOTAL_TIME>
          <TOOL_USAGE>0</TOOL_USAGE>
          <TOOL_LOAD>0</TOOL_LOAD>
          <TOOL_LOAD_LIMIT>0</TOOL_LOAD_LIMIT>
          <ALARM_LIMIT>0</ALARM_LIMIT>
          <H_CODE>0</H_CODE>
          <D_CODE>0</D_CODE>
          <EXPIRED>false</EXPIRED>
          <HOLES>0</HOLES>
          <FEED_TIME>0</FEED_TIME>
          <TOTAL_TIME>0</TOTAL_TIME>
          <TOOL_USAGE>0</TOOL_USAGE>
          <TOOL_LOAD>0</TOOL_LOAD>
          <TOOL_LOAD_LIMIT>0</TOOL_LOAD_LIMIT>
          <ALARM_LIMIT>0</ALARM_LIMIT>
          <H_CODE>0</H_CODE>
          <D_CODE>0</D_CODE>
          <EXPIRED>false</EXPIRED>
          <HOLES>0</HOLES>
          <FEED_TIME>0</FEED_TIME>
          <TOTAL_TIME>0</TOTAL_TIME>
          <TOOL_USAGE>0</TOOL_USAGE>
          <TOOL_LOAD>0</TOOL_LOAD>
          <TOOL_LOAD_LIMIT>0</TOOL_LOAD_LIMIT>
          <ALARM_LIMIT>0</ALARM_LIMIT>
          <H_CODE>0</H_CODE>
          <D_CODE>0</D_CODE>
          <EXPIRED>false</EXPIRED>
          <HOLES>0</HOLES>
          <FEED_TIME>0</FEED_TIME>
          <TOTAL_TIME>0</TOTAL_TIME>
          <TOOL_USAGE>0</TOOL_USAGE>
          <TOOL_LOAD>0</TOOL_LOAD>
          <TOOL_LOAD_LIMIT>0</TOOL_LOAD_LIMIT>
          <ALARM_LIMIT>0</ALARM_LIMIT>
          <H_CODE>0</H_CODE>
          <D_CODE>0</D_CODE>
          <EXPIRED>false</EXPIRED>
          <HOLES>0</HOLES>
          <FEED_TIME>0</FEED_TIME>
          <TOTAL_TIME>0</TOTAL_TIME>
          <TOOL_USAGE>0</TOOL_USAGE>
          <TOOL_LOAD>0</TOOL_LOAD>
          <TOOL_LOAD_LIMIT>0</TOOL_LOAD_LIMIT>
          <ALARM_LIMIT>0</ALARM_LIMIT>
          <H_CODE>0</H_CODE>
          <D_CODE>0</D_CODE>
          <EXPIRED>false</EXPIRED>
          <HOLES>0</HOLES>
          <FEED_TIME>0</FEED_TIME>
          <TOTAL_TIME>0</TOTAL_TIME>
          <TOOL_USAGE>0</TOOL_USAGE>
          <TOOL_LOAD>0</TOOL_LOAD>
          <TOOL_LOAD_LIMIT>0</TOOL_LOAD_LIMIT>
          <ALARM_LIMIT>0</ALARM_LIMIT>
          <H_CODE>0</H_CODE>
          <D_CODE>0</D_CODE>
          <EXPIRED>false</EXPIRED>
          <HOLES>0</HOLES>
          <FEED_TIME>0</FEED_TIME>
          <TOTAL_TIME>0</TOTAL_TIME>
          <TOOL_USAGE>0</TOOL_USAGE>
          <TOOL_LOAD>0</TOOL_LOAD>
          <TOOL_LOAD_LIMIT>0</TOOL_LOAD_LIMIT>
          <ALARM_LIMIT>0</ALARM_LIMIT>
          <H_CODE>0</H_CODE>
          <D_CODE>0</D_CODE>
          <EXPIRED>false</EXPIRED>
          <HOLES>0</HOLES>
          <FEED_TIME>0</FEED_TIME>
          <TOTAL_TIME>0</TOTAL_TIME>
          <TOOL_USAGE>0</TOOL_USAGE>
          <TOOL_LOAD>0</TOOL_LOAD>
          <TOOL_LOAD_LIMIT>0</TOOL_LOAD_LIMIT>
          <ALARM_LIMIT>0</ALARM_LIMIT>
          <H_CODE>0</H_CODE>
          <D_CODE>0</D_CODE>
          <EXPIRED>false</EXPIRED>
          <HOLES>0</HOLES>
          <FEED_TIME>0</FEED_TIME>
          <TOTAL_TIME>0</TOTAL_TIME>
          <TOOL_USAGE>0</TOOL_USAGE>
          <TOOL_LOAD>0</TOOL_LOAD>
          <TOOL_LOAD_LIMIT>0</TOOL_LOAD_LIMIT>
          <ALARM_LIMIT>0</ALARM_LIMIT>
          <H_CODE>0</H_CODE>
          <D_CODE>0</D_CODE>
          <EXPIRED>false</EXPIRED>
          <HOLES>0</HOLES>
          <FEED_TIME>0</FEED_TIME>
          <TOTAL_TIME>0</TOTAL_TIME>
          <TOOL_USAGE>0</TOOL_USAGE>
          <TOOL_LOAD>0</TOOL_LOAD>
          <TOOL_LOAD_LIMIT>0</TOOL_LOAD_LIMIT>
          <ALARM_LIMIT>0</ALARM_LIMIT>
          <H_CODE>0</H_CODE>
          <D_CODE>0</D_CODE>
          <EXPIRED>false</EXPIRED>
          <HOLES>0</HOLES>
          <FEED_TIME>0</FEED_TIME>
          <TOTAL_TIME>0</TOTAL_TIME>
          <TOOL_USAGE>0</TOOL_USAGE>
          <TOOL_LOAD>0</TOOL_LOAD>
          <TOOL_LOAD_LIMIT>0</TOOL_LOAD_LIMIT>
          <ALARM_LIMIT>0</ALARM_LIMIT>
          <H_CODE>0</H_CODE>
          <D_CODE>0</D_CODE>
          <EXPIRED>false</EXPIRED>
          <HOLES>0</HOLES>
          <FEED_TIME>0</FEED_TIME>
          <TOTAL_TIME>0</TOTAL_TIME>
          <TOOL_USAGE>0</TOOL_USAGE>
          <TOOL_LOAD>0</TOOL_LOAD>
          <TOOL_LOAD_LIMIT>0</TOOL_LOAD_LIMIT>
          <ALARM_LIMIT>0</ALARM_LIMIT>
          <H_CODE>0</H_CODE>
          <D_CODE>0</D_CODE>
          <EXPIRED>false</EXPIRED>
          <HOLES>0</HOLES>
          <FEED_TIME>0</FEED_TIME>
          <TOTAL_TIME>0</TOTAL_TIME>
          <TOOL_USAGE>0</TOOL_USAGE>
          <TOOL_LOAD>0</TOOL_LOAD>
          <TOOL_LOAD_LIMIT>0</TOOL_LOAD_LIMIT>
          <ALARM_LIMIT>0</ALARM_LIMIT>
          <H_CODE>0</H_CODE>
          <D_CODE>0</D_CODE>
          <EXPIRED>false</EXPIRED>
          <HOLES>0</HOLES>
          <FEED_TIME>0</FEED_TIME>
          <TOTAL_TIME>0</TOTAL_TIME>
          <TOOL_USAGE>0</TOOL_USAGE>
          <TOOL_LOAD>0</TOOL_LOAD>
          <TOOL_LOAD_LIMIT>0</TOOL_LOAD_LIMIT>
          <ALARM_LIMIT>0</ALARM_LIMIT>
          <H_CODE>0</H_CODE>
          <D_CODE>0</D_CODE>
          <EXPIRED>false</EXPIRED>
          <HOLES>0</HOLES>
          <FEED_TIME>0</FEED_TIME>
          <TOTAL_TIME>0</TOTAL_TIME>
          <TOOL_USAGE>0</TOOL_USAGE>
          <TOOL_LOAD>0</TOOL_LOAD>
          <TOOL_LOAD_LIMIT>0</TOOL_LOAD_LIMIT>
          <ALARM_LIMIT>0</ALARM_LIMIT>
          <H_CODE>0</H_CODE>
          <D_CODE>0</D_CODE>
          <EXPIRED>false</EXPIRED>
          <HOLES>0</HOLES>
          <FEED_TIME>0</FEED_TIME>
          <TOTAL_TIME>0</TOTAL_TIME>
          <TOOL_USAGE>0</TOOL_USAGE>
          <TOOL_LOAD>0</TOOL_LOAD>
          <TOOL_LOAD_LIMIT>0</TOOL_LOAD_LIMIT>
          <ALARM_LIMIT>0</ALARM_LIMIT>
          <H_CODE>0</H_CODE>
          <D_CODE>0</D_CODE>
          <EXPIRED>false</EXPIRED>
          <HOLES>0</HOLES>
          <FEED_TIME>0</FEED_TIME>
          <TOTAL_TIME>0</TOTAL_TIME>
          <TOOL_USAGE>0</TOOL_USAGE>
          <TOOL_LOAD>0</TOOL_LOAD>
          <TOOL_LOAD_LIMIT>0</TOOL_LOAD_LIMIT>
          <ALARM_LIMIT>0</ALARM_LIMIT>
          <H_CODE>0</H_CODE>
          <D_CODE>0</D_CODE>
          <EXPIRED>false</EXPIRED>
          <HOLES>0</HOLES>
          <FEED_TIME>0</FEED_TIME>
          <TOTAL_TIME>0</TOTAL_TIME>
          <TOOL_USAGE>0</TOOL_USAGE>
          <TOOL_LOAD>0</TOOL_LOAD>
          <TOOL_LOAD_LIMIT>0</TOOL_LOAD_LIMIT>
          <ALARM_LIMIT>0</ALARM_LIMIT>
          <H_CODE>0</H_CODE>
          <D_CODE>0</D_CODE>
          <EXPIRED>false</EXPIRED>
          <HOLES>0</HOLES>
          <FEED_TIME>0</FEED_TIME>
          <TOTAL_TIME>0</TOTAL_TIME>
          <TOOL_USAGE>0</TOOL_USAGE>
          <TOOL_LOAD>0</TOOL_LOAD>
          <TOOL_LOAD_LIMIT>0</TOOL_LOAD_LIMIT>
          <ALARM_LIMIT>0</ALARM_LIMIT>
          <H_CODE>0</H_CODE>
          <D_CODE>0</D_CODE>
          <EXPIRED>false</EXPIRED>
          <HOLES>0</HOLES>
          <FEED_TIME>0</FEED_TIME>
          <TOTAL_TIME>0</TOTAL_TIME>
          <TOOL_USAGE>0</TOOL_USAGE>
          <TOOL_LOAD>0</TOOL_LOAD>
          <TOOL_LOAD_LIMIT>0</TOOL_LOAD_LIMIT>
          <ALARM_LIMIT>0</ALARM_LIMIT>
          <H_CODE>0</H_CODE>
          <D_CODE>0</D_CODE>
          <EXPIRED>false</EXPIRED>
          <HOLES>0</HOLES>
          <FEED_TIME>0</FEED_TIME>
          <TOTAL_TIME>0</TOTAL_TIME>
          <TOOL_USAGE>0</TOOL_USAGE>
          <TOOL_LOAD>0</TOOL_LOAD>
          <TOOL_LOAD_LIMIT>0</TOOL_LOAD_LIMIT>
          <ALARM_LIMIT>0</ALARM_LIMIT>
          <H_CODE>0</H_CODE>
          <D_CODE>0</D_CODE>
          <EXPIRED>false</EXPIRED>
          <HOLES>0</HOLES>
          <FEED_TIME>0</FEED_TIME>
          <TOTAL_TIME>0</TOTAL_TIME>
          <TOOL_USAGE>0</TOOL_USAGE>
          <TOOL_LOAD>0</TOOL_LOAD>
          <TOOL_LOAD_LIMIT>0</TOOL_LOAD_LIMIT>
          <ALARM_LIMIT>0</ALARM_LIMIT>
          <H_CODE>0</H_CODE>
          <D_CODE>0</D_CODE>
          <EXPIRED>false</EXPIRED>
          <HOLES>0</HOLES>
          <FEED_TIME>0</FEED_TIME>
          <TOTAL_TIME>0</TOTAL_TIME>
          <TOOL_USAGE>0</TOOL_USAGE>
          <TOOL_LOAD>0</TOOL_LOAD>
          <TOOL_LOAD_LIMIT>0</TOOL_LOAD_LIMIT>
          <ALARM_LIMIT>0</ALARM_LIMIT>
          <H_CODE>0</H_CODE>
          <D_CODE>0</D_CODE>
          <EXPIRED>false</EXPIRED>
          <HOLES>0</HOLES>
          <FEED_TIME>0</FEED_TIME>
          <TOTAL_TIME>0</TOTAL_TIME>
          <TOOL_USAGE>0</TOOL_USAGE>
          <TOOL_LOAD>0</TOOL_LOAD>
          <TOOL_LOAD_LIMIT>0</TOOL_LOAD_LIMIT>
          <ALARM_LIMIT>0</ALARM_LIMIT>
          <H_CODE>0</H_CODE>
          <D_CODE>0</D_CODE>
          <EXPIRED>false</EXPIRED>
          <HOLES>0</HOLES>
          <FEED_TIME>0</FEED_TIME>
          <TOTAL_TIME>0</TOTAL_TIME>
          <TOOL_USAGE>0</TOOL_USAGE>
          <TOOL_LOAD>0</TOOL_LOAD>
          <TOOL_LOAD_LIMIT>0</TOOL_LOAD_LIMIT>
          <ALARM_LIMIT>0</ALARM_LIMIT>
          <H_CODE>0</H_CODE>
          <D_CODE>0</D_CODE>
          <EXPIRED>false</EXPIRED>
          <HOLES>0</HOLES>
          <FEED_TIME>0</FEED_TIME>
          <TOTAL_TIME>0</TOTAL_TIME>
          <TOOL_USAGE>0</TOOL_USAGE>
          <TOOL_LOAD>0</TOOL_LOAD>
          <TOOL_LOAD_LIMIT>0</TOOL_LOAD_LIMIT>
          <ALARM_LIMIT>0</ALARM_LIMIT>
          <H_CODE>0</H_CODE>
          <D_CODE>0</D_CODE>
          <EXPIRED>false</EXPIRED>
          <HOLES>0</HOLES>
          <FEED_TIME>0</FEED_TIME>
          <TOTAL_TIME>0</TOTAL_TIME>
          <TOOL_USAGE>0</TOOL_USAGE>
          <TOOL_LOAD>0</TOOL_LOAD>
          <TOOL_LOAD_LIMIT>0</TOOL_LOAD_LIMIT>
          <ALARM_LIMIT>0</ALARM_LIMIT>
          <H_CODE>0</H_CODE>
          <D_CODE>0</D_CODE>
          <EXPIRED>false</EXPIRED>
          <HOLES>0</HOLES>
          <FEED_TIME>0</FEED_TIME>
          <TOTAL_TIME>0</TOTAL_TIME>
          <TOOL_USAGE>0</TOOL_USAGE>
          <TOOL_LOAD>0</TOOL_LOAD>
          <TOOL_LOAD_LIMIT>0</TOOL_LOAD_LIMIT>
          <ALARM_LIMIT>0</ALARM_LIMIT>
          <H_CODE>0</H_CODE>
          <D_CODE>0</D_CODE>
          <EXPIRED>false</EXPIRED>
          <HOLES>0</HOLES>
          <FEED_TIME>0</FEED_TIME>
          <TOTAL_TIME>0</TOTAL_TIME>
          <TOOL_USAGE>0</TOOL_USAGE>
          <TOOL_LOAD>0</TOOL_LOAD>
          <TOOL_LOAD_LIMIT>0</TOOL_LOAD_LIMIT>
          <ALARM_LIMIT>0</ALARM_LIMIT>
          <H_CODE>0</H_CODE>
          <D_CODE>0</D_CODE>
          <EXPIRED>false</EXPIRED>
          <HOLES>0</HOLES>
          <FEED_TIME>0</FEED_TIME>
          <TOTAL_TIME>0</TOTAL_TIME>
          <TOOL_USAGE>0</TOOL_USAGE>
          <TOOL_LOAD>0</TOOL_LOAD>
          <TOOL_LOAD_LIMIT>0</TOOL_LOAD_LIMIT>
          <ALARM_LIMIT>0</ALARM_LIMIT>
          <H_CODE>0</H_CODE>
          <D_CODE>0</D_CODE>
          <EXPIRED>false</EXPIRED>
          <HOLES>0</HOLES>
          <FEED_TIME>0</FEED_TIME>
          <TOTAL_TIME>0</TOTAL_TIME>
          <TOOL_USAGE>0</TOOL_USAGE>
          <TOOL_LOAD>0</TOOL_LOAD>
          <TOOL_LOAD_LIMIT>0</TOOL_LOAD_LIMIT>
          <ALARM_LIMIT>0</ALARM_LIMIT>
          <H_CODE>0</H_CODE>
          <D_CODE>0</D_CODE>
          <EXPIRED>false</EXPIRED>
          <HOLES>0</HOLES>
          <FEED_TIME>0</FEED_TIME>
          <TOTAL_TIME>0</TOTAL_TIME>
          <TOOL_USAGE>0</TOOL_USAGE>
          <TOOL_LOAD>0</TOOL_LOAD>
          <TOOL_LOAD_LIMIT>0</TOOL_LOAD_LIMIT>
          <ALARM_LIMIT>0</ALARM_LIMIT>
          <H_CODE>0</H_CODE>
          <D_CODE>0</D_CODE>
          <EXPIRED>false</EXPIRED>
          <HOLES>0</HOLES>
          <FEED_TIME>0</FEED_TIME>
          <TOTAL_TIME>0</TOTAL_TIME>
          <TOOL_USAGE>0</TOOL_USAGE>
          <TOOL_LOAD>0</TOOL_LOAD>
          <TOOL_LOAD_LIMIT>0</TOOL_LOAD_LIMIT>
          <ALARM_LIMIT>0</ALARM_LIMIT>
          <H_CODE>0</H_CODE>
          <D_CODE>0</D_CODE>
          <EXPIRED>false</EXPIRED>
          <HOLES>0</HOLES>
          <FEED_TIME>0</FEED_TIME>
          <TOTAL_TIME>0</TOTAL_TIME>
          <TOOL_USAGE>0</TOOL_USAGE>
          <TOOL_LOAD>0</TOOL_LOAD>
          <TOOL_LOAD_LIMIT>0</TOOL_LOAD_LIMIT>
          <ALARM_LIMIT>0</ALARM_LIMIT>
          <H_CODE>0</H_CODE>
          <D_CODE>0</D_CODE>
          <EXPIRED>false</EXPIRED>
          <HOLES>0</HOLES>
          <FEED_TIME>0</FEED_TIME>
          <TOTAL_TIME>0</TOTAL_TIME>
          <TOOL_USAGE>0</TOOL_USAGE>
          <TOOL_LOAD>0</TOOL_LOAD>
          <TOOL_LOAD_LIMIT>0</TOOL_LOAD_LIMIT>
          <ALARM_LIMIT>0</ALARM_LIMIT>
          <H_CODE>0</H_CODE>
          <D_CODE>0</D_CODE>
          <EXPIRED>false</EXPIRED>
          <HOLES>0</HOLES>
          <FEED_TIME>0</FEED_TIME>
          <TOTAL_TIME>0</TOTAL_TIME>
          <TOOL_USAGE>0</TOOL_USAGE>
          <TOOL_LOAD>0</TOOL_LOAD>
          <TOOL_LOAD_LIMIT>0</TOOL_LOAD_LIMIT>
          <ALARM_LIMIT>0</ALARM_LIMIT>
          <H_CODE>0</H_CODE>
          <D_CODE>0</D_CODE>
          <EXPIRED>false</EXPIRED>
          <HOLES>0</HOLES>
          <FEED_TIME>0</FEED_TIME>
          <TOTAL_TIME>0</TOTAL_TIME>
          <TOOL_USAGE>0</TOOL_USAGE>
          <TOOL_LOAD>0</TOOL_LOAD>
          <TOOL_LOAD_LIMIT>0</TOOL_LOAD_LIMIT>
          <ALARM_LIMIT>0</ALARM_LIMIT>
          <H_CODE>0</H_CODE>
          <D_CODE>0</D_CODE>
          <EXPIRED>false</EXPIRED>
          <HOLES>0</HOLES>
          <FEED_TIME>0</FEED_TIME>
          <TOTAL_TIME>0</TOTAL_TIME>
          <TOOL_USAGE>0</TOOL_USAGE>
          <TOOL_LOAD>0</TOOL_LOAD>
          <TOOL_LOAD_LIMIT>0</TOOL_LOAD_LIMIT>
          <ALARM_LIMIT>0</ALARM_LIMIT>
          <H_CODE>0</H_CODE>
          <D_CODE>0</D_CODE>
          <EXPIRED>false</EXPIRED>
          <HOLES>0</HOLES>
          <FEED_TIME>0</FEED_TIME>
          <TOTAL_TIME>0</TOTAL_TIME>
          <TOOL_USAGE>0</TOOL_USAGE>
          <TOOL_LOAD>0</TOOL_LOAD>
          <TOOL_LOAD_LIMIT>0</TOOL_LOAD_LIMIT>
          <ALARM_LIMIT>0</ALARM_LIMIT>
          <H_CODE>0</H_CODE>
          <D_CODE>0</D_CODE>
          <EXPIRED>false</EXPIRED>
          <HOLES>0</HOLES>
          <FEED_TIME>0</FEED_TIME>
          <TOTAL_TIME>0</TOTAL_TIME>
          <TOOL_USAGE>0</TOOL_USAGE>
          <TOOL_LOAD>0</TOOL_LOAD>
          <TOOL_LOAD_LIMIT>0</TOOL_LOAD_LIMIT>
          <ALARM_LIMIT>0</ALARM_LIMIT>
          <H_CODE>0</H_CODE>
          <D_CODE>0</D_CODE>
          <EXPIRED>false</EXPIRED>
          <HOLES>0</HOLES>
          <FEED_TIME>0</FEED_TIME>
          <TOTAL_TIME>0</TOTAL_TIME>
          <TOOL_USAGE>0</TOOL_USAGE>
          <TOOL_LOAD>0</TOOL_LOAD>
          <TOOL_LOAD_LIMIT>0</TOOL_LOAD_LIMIT>
          <ALARM_LIMIT>0</ALARM_LIMIT>
          <H_CODE>0</H_CODE>
          <D_CODE>0</D_CODE>
          <EXPIRED>false</EXPIRED>
          <HOLES>0</HOLES>
          <FEED_TIME>0</FEED_TIME>
          <TOTAL_TIME>0</TOTAL_TIME>
          <TOOL_USAGE>0</TOOL_USAGE>
          <TOOL_LOAD>0</TOOL_LOAD>
          <TOOL_LOAD_LIMIT>0</TOOL_LOAD_LIMIT>
          <ALARM_LIMIT>0</ALARM_LIMIT>
          <H_CODE>0</H_CODE>
          <D_CODE>0</D_CODE>
          <EXPIRED>false</EXPIRED>
          <HOLES>0</HOLES>
          <FEED_TIME>0</FEED_TIME>
          <TOTAL_TIME>0</TOTAL_TIME>
          <TOOL_USAGE>0</TOOL_USAGE>
          <TOOL_LOAD>0</TOOL_LOAD>
          <TOOL_LOAD_LIMIT>0</TOOL_LOAD_LIMIT>
          <ALARM_LIMIT>0</ALARM_LIMIT>
          <H_CODE>0</H_CODE>
          <D_CODE>0</D_CODE>
          <EXPIRED>false</EXPIRED>
          <HOLES>0</HOLES>
          <FEED_TIME>0</FEED_TIME>
          <TOTAL_TIME>0</TOTAL_TIME>
          <TOOL_USAGE>0</TOOL_USAGE>
          <TOOL_LOAD>0</TOOL_LOAD>
          <TOOL_LOAD_LIMIT>0</TOOL_LOAD_LIMIT>
          <ALARM_LIMIT>0</ALARM_LIMIT>
          <H_CODE>0</H_CODE>
          <D_CODE>0</D_CODE>
          <EXPIRED>false</EXPIRED>
          <HOLES>0</HOLES>
          <FEED_TIME>0</FEED_TIME>
          <TOTAL_TIME>0</TOTAL_TIME>
          <TOOL_USAGE>0</TOOL_USAGE>
          <TOOL_LOAD>0</TOOL_LOAD>
          <TOOL_LOAD_LIMIT>0</TOOL_LOAD_LIMIT>
          <ALARM_LIMIT>0</ALARM_LIMIT>
          <H_CODE>0</H_CODE>
          <D_CODE>0</D_CODE>
          <EXPIRED>false</EXPIRED>
          <HOLES>0</HOLES>
          <FEED_TIME>0</FEED_TIME>
          <TOTAL_TIME>0</TOTAL_TIME>
          <TOOL_USAGE>0</TOOL_USAGE>
          <TOOL_LOAD>0</TOOL_LOAD>
          <TOOL_LOAD_LIMIT>0</TOOL_LOAD_LIMIT>
          <ALARM_LIMIT>0</ALARM_LIMIT>
          <H_CODE>0</H_CODE>
          <D_CODE>0</D_CODE>
          <EXPIRED>false</EXPIRED>
          <HOLES>0</HOLES>
          <FEED_TIME>0</FEED_TIME>
          <TOTAL_TIME>0</TOTAL_TIME>
          <TOOL_USAGE>0</TOOL_USAGE>
          <TOOL_LOAD>0</TOOL_LOAD>
          <TOOL_LOAD_LIMIT>0</TOOL_LOAD_LIMIT>
          <ALARM_LIMIT>0</ALARM_LIMIT>
          <H_CODE>0</H_CODE>
          <D_CODE>0</D_CODE>
     </TOOL_LIFE>
	<MD5>6e0a587a7778f5de31b083317026158b</MD5>
</ATMDATA>